,P,FMQ,fo2,F,rho_bulk,rho_melt,Exsol_vol%,Gas_wt,mol_mass,mH2O,mH2,mO2,mCO2,mCO,mCH4,mSO2,mH2S,mS2,mN2,wH2O,wH2,wO2,wCO2,wCO,wCH4,wSO2,wH2S,wS2,wN2,fH2O,fH2,fCO2,fCO,fCH4,fSO2,fH2S,fS2,fN2,mCO2/CO,mCO2/H2O,mCO2/SO2,mH2S/SO2,H2O_melt,H2_melt,CO2_melt,CO_melt,CH4_melt,graph_melt,S2-_melt,S6+_melt,Stot_melt,N_melt,tot_H,tot_C,tot_O_gas,tot_O,tot_S,tot_N
0,566.64057983,0.1999999999999993,3.223054774609455e-09,0.09768826095932424,2710.7690754616406,2710.7694438748113,1.3591723141467626e-05,1e-06,0.04203974175414513,0.06263468107354477,0.0007932469244620885,5.085155080892355e-12,0.8964885130421859,0.028833606966676136,8.670327231915831e-10,0.008072480394743117,0.0024229487150336103,0.0007545220112366221,0.0,0.026840824186065586,3.804740542507362e-05,3.870596098188786e-12,0.9384931868864279,0.01921116022121289,3.308624620756503e-10,0.012301544870021774,0.0019642419519637667,0.0011509941441501259,0.0,35.169884075390335,0.48232367833942735,591.7858412204348,18.797527723603775,5.69743552706825e-07,4.848721165885169,1.6859057589519058,0.4736846477158216,0.0,31.091792091023663,14.31297322308613,111.0549012452218,0.30014922261210564,0.5,4.932416269656958e-06,0.0402924370665339,0.0,0.0,0.0,0.08575964356563874,0.030594579857089264,0.116354223422728,0.0,559.5409869969403,109.86738520776804,4733.477176871661,38417.54040545468,1163.5423257919329,0.0
1,566.0,0.20005177788267403,3.2230750098236508e-09,0.09769125722779437,2679.065050887014,2679.079811498659,0.0005966017088297318,4.436196628215713e-05,0.04203807512542617,0.06270529934565465,0.000794138787944921,5.090942251098328e-12,0.8964077061354191,0.028830917483904452,8.669362318212949e-10,0.008081143610202988,0.00242551570328657,0.0007552780615601738,0.0,0.026872151539415502,3.809169300055827e-05,3.875154664394108e-12,0.9384457976598849,0.019210129850295455,3.3083875647249037e-10,0.012315234854846932,0.0019664009204795195,0.0011521931473631648,0.0,35.16973288598676,0.48232009084527405,591.0635534200173,18.7745259866314,5.690361303871837e-07,4.848437412066783,1.6857839746919818,0.4736232608965855,0.0,31.091889692232655,14.295565374691705,110.92584779753747,0.30014510572788156,0.49999877526178893,4.9247467125188726e-06,0.04025043546708674,0.0,0.0,0.0,0.0857538172136385,0.030600008724447344,0.11635382593808584,0.0,559.5409871011527,109.86738520776801,4733.474557985998,38417.54040545468,1163.5423258417568,0.0
2,556.0,0.19985334010913114,3.215927450090431e-09,0.0976936494290848,2678.668751321487,2678.9477151716433,0.011259237972837935,0.0008220145529368169,0.04201112662785107,0.06382332155552951,0.0008103218903136711,5.181717899012264e-12,0.8950916193855922,0.028813721827996092,8.693028015311485e-10,0.00821785830111202,0.002474715275790251,0.0007684408891816942,0.0,0.02736882108728426,3.8892864599952864e-05,3.946781912699087e-12,0.9376690840096426,0.019210987530129855,3.319546823178542e-10,0.012531614191031033,0.00200757468599905,0.001173025295411907,0.0,35.166887060922996,0.4828167124482332,578.1429512828389,18.384512603203586,5.589834516149928e-07,4.831767623182471,1.6854554539880908,0.4724652322563273,0.0,31.064769234910155,14.024522659899757,108.9203033915139,0.3011387134109356,0.4999757216978179,4.997577866534432e-06,0.039497816156288584,0.0,0.0,0.0,0.08574404389836278,0.030602515597064728,0.1163465594954275,0.0,559.5409863892612,109.86738520776807,4733.422422256483,38417.54040003284,1163.5423252871371,0.0
3,546.0,0.19964760062388187,3.2087417925100524e-09,0.09769572498723322,2678.2636595024046,2678.81544337618,0.022238826909382673,0.0015935911669356698,0.04198316966596285,0.06498233824934962,0.0008270435599561717,5.275080596751583e-12,0.8937294403826181,0.028795663001570777,8.716626078417534e-10,0.008358179297969153,0.0025253425402610536,0.0007819920913373554,0.0,0.02788438862361192,3.972188492589316e-05,4.020569441096376e-12,0.9368655611157218,0.019211731907279272,3.330774569324226e-10,0.01275408053202207,0.002050009486141982,0.0011945061131990275,0.0,35.16403132671225,0.48331776898503975,565.3860925701646,17.998973724427007,5.490112506453344e-07,4.815057773629571,1.6851349312240587,0.47130682084467257,0.0,31.036946096148785,13.75342076724306,106.9287231729731,0.30214026885911077,0.4999525870546855,5.004464132849404e-06,0.038752321722750546,0.0,0.0,0.0,0.08573470007252214,0.03060438190004572,0.11633908197256787,0.0,559.5409864942064,109.86738520776801,4733.3771933057915,38417.54040083624,1163.5423253735999,0.0
4,536.0,0.19944030564047566,3.201560723594541e-09,0.09769773724171332,2677.8473332149424,2678.683210270835,0.03364092648234067,0.002365227431290012,0.04195419355122702,0.06618417470769035,0.0008443925623060671,5.371915385949022e-12,0.8923178713878978,0.02877602661178757,8.739796152241776e-10,0.008503656381326526,0.0025778319867887298,0.0007960454828514682,0.0,0.02841972012814647,4.0583146010302875e-05,4.0972029611776e-12,0.9360318966182858,0.019211890749721194,3.341934808045858e-10,0.012985031901920404,0.002094064387023328,0.001216812730601792,0.0,35.161065475326055,0.48381869353698687,552.692474571998,17.614595984704867,5.390045932643565e-07,4.798374770813535,1.6848073693169128,0.47014855418607127,0.0,31.009071663228728,13.482344915969978,104.93343467492049,0.30314395022469165,0.49992855948356363,5.011351584385486e-06,0.03800808127399645,0.0,0.0,0.0,0.08572526504188879,0.030606056629274687,0.11633132167116347,0.0,559.5409865562726,109.86738520776804,4733.333343815976,38417.540401311744,1163.5423254246496,0.0
5,526.0,0.19923136958714593,3.1943836550478103e-09,0.09769968241553695,2677.419070882908,2678.551020737857,0.04549213009434398,0.0031370435369791894,0.04192414046988624,0.06743125996212801,0.0008624045952140605,5.47241922707011e-12,0.8908541176323898,0.028754720315197886,8.762504495965135e-10,0.00865457937231452,0.002632287802282847,0.0008106294387500895,0.0,0.028975979360700337,4.147855164827307e-05,4.1768500534662514e-12,0.9351663230425447,0.019211427651790562,3.3530199260135744e-10,0.013224963846076613,0.0021398336068333672,0.001239993600927468,0.0,35.15798260888064,0.4843194369244962,540.0619121175341,17.231378381072943,5.289634222078348e-07,4.781716984588842,1.6844723212728054,0.46899028635193085,0.0,30.981143543293026,13.211292776269163,102.93442110915045,0.30414970954029,0.4999035830015463,5.018239166281272e-06,0.03726505656127313,0.0,0.0,0.0,0.08571573276623934,0.030607528129317847,0.1163232608955572,0.0,559.5409866128705,109.86738520776804,4733.290956350186,38417.5404017451,1163.5423254711095,0.0
6,516.0,0.19902069954600243,3.1872099501732437e-09,0.09770155640763299,2676.978111456425,2678.418880027032,0.057821281829758674,0.003909168114075809,0.04189294814930155,0.06872621020799981,0.0008811181156164177,5.576804255893672e-12,0.8893351692567208,0.028731644688435615,8.784714717107412e-10,0.008811260226191895,0.0026888221101952665,0.00082577451079191,0.0,0.029554423236661537,4.2410158435186807e-05,4.259691712015871e-12,0.934266931797594,0.01921030331929427,3.36402168085526e-10,0.01347441127482749,0.002187418831263119,0.0012641010412624326,0.0,35.15477524058617,0.4848199456995927,527.494221706862,16.84931995460444,5.188876817028343e-07,4.765082659280829,1.684129302254055,0.4678318595255406,0.0,30.953159100379487,12.940262042169193,100.93166544022039,0.30515749633663225,0.49987759684193184,5.025126156477073e-06,0.03652320784323409,0.0,0.0,0.0,0.08570609670372639,0.030608783754346114,0.1163148804580725,0.0,559.5409866643774,109.86738520776804,4733.25012024973,38417.54040213927,1163.542325513297,0.0
7,506.0,0.1988081944110931,3.180038918307569e-09,0.09770335475572035,2676.523628005769,2678.2867937909505,0.07065971864346962,0.004681739080900541,0.04186054941963076,0.0700718471834145,0.0009005746114462577,5.685299272199717e-12,0.887757780215264,0.02870669253643194,8.806387515921125e-10,0.00897403518461801,0.0027475557424065902,0.0008415136400946551,0.0,0.03015641133784141,4.338019141403452e-05,4.345923712743974e-12,0.9333316588066963,0.019208475277145677,3.3749311388137725e-10,0.01373395245000591,0.0022369299698287593,0.0012891916252289423,0.0,35.15143523635154,0.48532016178215276,514.9892215952905,16.468419794321917,5.087773178422174e-07,4.748469899756734,1.6837777858860048,0.46667310274714136,0.0,30.925115426954953,12.669250432224796,98.92515038685491,0.30616725763634756,0.4998505349792704,5.032011769741027e-06,0.035782493784397636,0.0,0.0,0.0,0.08569634976381905,0.030609809758780696,0.11630615952259973,0.0,559.5409867110958,109.86738520776804,4733.210932725243,38417.54040249662,1163.5423255514597,0.0
8,496.0,0.19859362093787603,3.172868909931569e-09,0.09770506717071388,2676.0547959179275,2678.1547621400127,0.08403829170758423,0.0054546998060934875,0.04182692144698643,0.07147122357962579,0.0009208190988822111,5.798149764977355e-12,0.8861235668530968,0.028679917962105294,8.827537618136327e-10,0.009143266283496947,0.002803322622111139,0.0008578827121299312,0.0,0.03078338209426907,4.439101819481065e-05,4.4357516231433e-12,0.9323625494371904,0.019205988447620833,3.3857565256970455e-10,0.01400419543845951,0.0022841676743182485,0.001315325546935664,0.0,35.14795612084432,0.4858201236320422,502.5496368576232,16.08877232026235,4.986355110619572e-07,4.731876189739194,1.6834178630765044,0.4655140024960937,0.0,30.89700493648307,12.398326521804545,96.91542818265036,0.3065996915315668,0.49982234481295823,5.038896500666024e-06,0.035043044335214456,0.0,0.0,0.0,0.08568651221788494,0.030610587569905427,0.11629709978779038,0.0,559.5409867527305,109.86738520776801,4733.173617952519,38417.54040281472,1163.542325585637,0.0
9,486.0,0.19837673503179154,3.165698211678731e-09,0.09770668288457819,2675.570683702538,2678.022788201693,0.09799206984764841,0.006228095343666321,0.04179201314712604,0.07292764127818732,0.000941900284621246,5.915621284343935e-12,0.8844315670048779,0.028651292006725608,8.848154147042024e-10,0.009319344915146808,0.0028533330794269065,0.0008749205402831732,0.0,0.031436912903451526,4.544523201656028e-05,4.529400909381223e-12,0.9313595617199374,0.01920284508459419,3.3964985702940004e-10,0.01428580735446191,0.0023268585300650004,0.0013425688312939856,0.0,35.14433041617768,0.4863198620188191,490.1766597337538,15.71042303642477,4.88463931858418e-07,4.715298862097985,1.6830495727271464,0.46435453179325586,0.0,30.868819695714468,12.127521903953468,94.90276141270445,0.3061731382845763,0.49979296560392106,5.045780752791367e-06,0.03430489841472728,0.0,0.0,0.0,0.08567660413246542,0.03061109734974198,0.1162877014822074,0.0,559.5409867911618,109.86738520776807,4733.138410557232,38417.540403108076,1163.5423256173713,0.0
10,476.0,0.19815755943326074,3.1585270667695253e-09,0.09770820289528494,2675.07011269209,2677.890887861335,0.11256628309947093,0.00700239885859244,0.041755666120885986,0.07444466663438526,0.0009638705041532464,6.038005409818872e-12,0.8826701203737368,0.02862042983496543,8.868104559348151e-10,0.009502696932689979,0.00290554641460468,0.0008926684126160687,0.0,0.03211879101730521,4.654574253342954e-05,4.627130769471066e-12,0.9303137579011689,0.019198857932226306,3.4071200536346284e-10,0.014579551287578572,0.0023715003947941144,0.0013709953790542904,0.0,35.14054449979127,0.4868191730992512,477.8657204689003,15.333227632755417,4.782577242498215e-07,4.698736103838004,1.6826714004452745,0.4631942555572456,0.0,30.840561286587786,11.85672742291575,92.8862749833983,0.305760189468885,0.4997622868021914,5.052661807683099e-06,0.033567748511719384,0.0,0.0,0.0,0.08566658147186668,0.03061132585403215,0.11627790732589881,0.0,559.5409868273877,109.86738520776804,4733.105288766633,38417.54040338451,1163.5423256471045,0.0
11,466.0,0.19793594518173663,3.151354470848547e-09,0.09770962062965263,2674.551911305521,2677.7590688232167,0.1278053058090241,0.007777795108619213,0.04171778825212347,0.07602617685142658,0.0009867868373455802,6.1656163114617514e-12,0.8808347901746891,0.0285871852573502,8.887335173998607e-10,0.009693782879753822,0.0029601055523037806,0.0009111715522317571,0.0,0.032830907885876545,4.769564883925377e-05,4.729213400165334e-12,0.9292222891567078,0.01919396860010063,3.417608662933262e-10,0.014886229440036584,0.0024182250867593354,0.0014006838351898548,0.0,35.13658691883951,0.4873179785146949,465.61664385597567,14.957185330634855,4.6801683723646126e-07,4.6821852762680285,1.6822826279365357,0.4620329401386868,0.0,30.81222520668463,11.585940877916983,90.86594997030286,0.3053612391593976,0.49973021541339274,5.059538586762749e-06,0.032831545647277645,0.0,0.0,0.0,0.08565643540860846,0.030611253444111374,0.11626768885271983,0.0,559.5409868592658,109.86738520776807,4733.0743957655295,38417.540403627616,1163.542325673022,0.0
12,456.0,0.19771172878550303,3.1441793240325932e-09,0.09771092887363693,2674.01479461238,2677.6273394688737,0.14375780006874198,0.008554484259512796,0.04167827939020056,0.07767638681726054,0.0010107113544551133,6.298795510416959e-12,0.8789207534037696,0.02855139939627123,8.905787576809871e-10,0.009893103004567706,0.0030171660255868173,0.0009304791012113481,0.0,0.033575326965879435,4.8898332775284086e-05,4.835945742667098e-12,0.9280820480803702,0.01918811342335619,3.427950944504787e-10,0.015206716340911187,0.002467176542855995,0.0014317199662209144,0.0,35.1324451128973,0.48781619227251755,453.4292569476443,14.58229541631839,4.5774122220293015e-07,4.665643499906233,1.6818824677275819,0.46087032986502763,0.0,30.783806467943403,11.315160107427447,88.84176713797143,0.30497671197740217,0.49969664944044584,5.066409923890053e-06,0.03209623857966081,0.0,0.0,0.0,0.08564615627182516,0.030610858580910925,0.1162570148527361,0.0,559.5409868870373,109.86738520776804,4733.045888721198,38417.540403839295,1163.54232569539,0.0
13,446.0,0.1974847304327998,3.1370004191951285e-09,0.09771211969347626,2673.457350355801,2677.4957089380873,0.16047724418559153,0.009332683679766975,0.04163703045532413,0.07939988665429555,0.001035711673466841,6.437914919108738e-12,0.8769227579214367,0.028512899277355445,8.923398094074889e-10,0.010101201629109791,0.003076897391628288,0.0009506445539296154,0.0,0.03435430371481957,5.0157491913823376e-05,4.9476523580282054e-12,0.9268896386872033,0.019181222851749516,3.4381321712603385e-10,0.015541967182825744,0.0025185122384967723,0.001464197484230306,0.0,35.12810527703245,0.4883137197942861,441.3033892347749,14.208557246969889,4.4743083312204017e-07,4.649107624929822,1.6814700546150527,0.45970614433135915,0.0,30.755299536230492,11.04438299439304,86.81370693505492,0.3046070660307621,0.4996614767693809,5.0732745358672345e-06,0.031361773631174865,0.0,0.0,0.0,0.08563573344254685,0.030610117591818954,0.11624585103436581,0.0,559.5409869108884,109.86738520776804,4733.019940483108,38417.54040402098,1163.5423257144503,0.0
14,436.0,0.19725475193420472,3.1298164284971823e-09,0.09771318434499797,2672.8780228608834,2677.3641872217436,0.17802254107110624,0.010112629998071509,0.0415939224217112,0.08120168438961531,0.001061861593806757,6.58338029581765e-12,0.8748350736885742,0.02847149622892021,8.940097194480829e-10,0.010318672107443645,0.003139484841971234,0.0009717262490755647,0.0,0.035170308438786706,5.147717726747294e-05,5.064688712787745e-12,0.9256413421447487,0.019173220751727046,3.448136191348848e-10,0.01589302733833517,0.002572404811362311,0.001498218987894439,0.0,35.12355220445184,0.4888104568222173,429.2388728510207,13.835970257538579,4.3708562679227795e-07,4.632574197206987,1.6810444358359282,0.4585400752850231,0.0,30.726698261819887,10.77360747211858,84.78174949056564,0.3042527962204056,0.499624573888738,5.080131007545072e-06,0.030628094497687018,0.0,0.0,0.0,0.08562515523311581,0.030609004402646505,0.11623415963576231,0.0,559.5409869310663,109.86738520776804,4732.996741560405,38417.54040417463,1163.5423257304558,0.0
15,426.0,0.1970215743470689,3.1226258878437214e-09,0.09771411316891845,2672.2750944465447,2677.232785268853,0.19645872099092573,0.010894581470043038,0.04154882515869903,0.08308725457766594,0.0010892418189096876,6.7356351809820585e-12,0.8726514372058771,0.028426984058392023,8.95580880756498e-10,0.010546162467859613,0.0032051310391301656,0.0009937879298489401,0.0,0.03602605247995903,5.2861836532329634e-05,5.187444944735889e-12,0.9243330775063139,0.019164023606748307,3.4579452546874335e-10,0.016261043255202827,0.0026290439239050377,0.0015338970403563645,0.0,35.118769104712506,0.48930628815414096,417.2355428086375,13.464533968659051,4.2670556310830035e-07,4.616039419097737,1.6806045597105268,0.45737178302867654,0.0,30.697995799109712,10.502831531040236,82.74587461224512,0.3039144379671841,0.4995858044098754,5.086977774595849e-06,0.02989514203862883,0.0,0.0,0.0,0.08561440874772906,0.030607490228313432,0.11622189897604249,0.0,559.5409869479579,109.86738520776801,4732.976502404336,38417.54040430319,1163.542325743817,0.0
16,416.0,0.1967849552234302,3.1154271788845508e-09,0.09771489546955754,2671.6466638779107,2677.1015151103193,0.21585775616703232,0.011678820710472392,0.041501596106117346,0.0850625938662589,0.001117940782518461,6.895165395374397e-12,0.8703649880264267,0.02837913696859454,8.970449544830668e-10,0.010784381851224168,0.003274058217444275,0.0010168993835928558,0.0,0.03692451832716517,5.43163638358948e-05,5.316350192637153e-12,0.9229603565753695,0.01915353959812792,3.4675398135286135e-10,0.016647274969229863,0.0026886384064945617,0.0015713554077067728,0.0,35.11373739301963,0.48980108617556956,405.2932372711879,13.09424799575666,4.162906053715397e-07,4.599499104063719,1.6801492624776275,0.4562008922531816,0.0,30.669184513595553,10.232053226531896,80.70606178764237,0.30359257142518803,0.4995450173516528,5.093813103525825e-06,0.02916285404498257,0.0,0.0,0.0,0.08560347972059444,0.030605543214668504,0.11620902293526295,0.0,559.540986962636,109.86738520776801,4732.959456056003,38417.54040441502,1163.5423257557086,0.0
17,406.0,0.19654462535048012,3.108218507669893e-09,0.09771551937119988,2670.9906212440214,2676.9703899555184,0.23629950871198782,0.012465657867769564,0.04145207875016734,0.08713428490107653,0.0011480555993706194,7.06250419492528e-12,0.8679681957624205,0.028327707164068985,8.983927850650844e-10,0.011034107887024495,0.0033465106045858506,0.0010411371759977996,0.0,0.037868994449074024,5.584615730668446e-05,5.451877590859367e-12,0.9215182317304664,0.019141667543828202,3.4768983097978983e-10,0.017053110535497726,0.0027514187411688596,0.001610730489516629,0.0,35.10843653037981,0.49029471037429134,393.4117977662318,12.725112057096304,4.0584072262375153e-07,4.582948627040109,1.6796772585463853,0.4550269879368949,0.0,30.640255871585538,9.961270661116046,78.66229011437376,0.30328782705860285,0.4995020458358615,5.100635084701473e-06,0.028431164975953896,0.0,0.0,0.0,0.08559235240330118,0.030603128042779405,0.11619548044608059,0.0,559.5409877535219,109.86738520776804,4732.945867382575,38417.54041062949,1163.5423267373726,0.0
18,396.0,0.19630028533848254,3.1009978825576305e-09,0.09771597166776225,2670.3046188966205,2676.839424562036,0.2578728367878807,0.013255434271559391,0.04140010090024446,0.08930956865903097,0.0011796931435402798,7.2382382042186274e-12,0.8654527774064427,0.028272422126847895,8.9961427848262e-10,0.011296195123245685,0.003422757148533623,0.0010665854855063947,0.0,0.03886311509115589,5.745718495629497e-05,5.594550052117949e-12,0.9200012362057777,0.01912829567549547,3.4859968330348225e-10,0.017480082642318234,0.0028176398876271283,0.0016521729584751128,0.0,35.10284337080765,0.4907870000408958,381.5910700007596,12.357125995744495,3.953558814100576e-07,4.566382850705252,1.6791870987313668,0.4538496065928591,0.0,30.611200325302033,9.690482110719815,76.61453860915391,0.303000887572326,0.4994567017845878,5.107441534649637e-06,0.02770000570134568,0.0,0.0,0.0,0.0855810090213646,0.030600205363517863,0.11618121438488246,0.0,559.5409875451154,109.86738520776801,4732.936010231742,38417.54040905454,1163.5423265908048,0.0
19,386.0,0.19605160062687155,3.093763081213798e-09,0.09771623760274234,2669.586036753701,2676.708635108927,0.28067689401356616,0.014048526792063662,0.04134547263605195,0.09159643037962968,0.0012129713274905449,7.423014245464078e-12,0.8628095992756418,0.028212981418722072,9.006983146461674e-10,0.0115715848101425,0.0035030947963799546,0.0010933370838720501,0.0,0.03991090765402617,5.915606301762877e-05,5.744946981949347e-12,0.9184033133100802,0.019113300210467917,3.494808933472362e-10,0.017929888031164982,0.0028875846803102364,0.0016958496957070915,0.0,35.096932410111805,0.49127778042720366,369.83090358139884,11.990289779923184,3.84836060338357e-07,4.549796070999785,1.6786771872489845,0.45266823442533316,0.0,30.582007143104814,9.419685851289723,74.56278577497775,0.3027324998136375,0.49940877792395016,5.114230076971454e-06,0.026969303140430473,0.0,0.0,0.0,0.08556943002558061,0.030596731343046493,0.1161661613686271,0.0,559.540987326025,109.86738520776804,4732.930213832068,38417.54040739099,1163.5423264197627,0.0
20,376.0,0.19579819663832154,3.086511619191685e-09,0.09771630065575017,2668.83194210747,2676.578039663965,0.30482265756063404,0.014845352847033222,0.041287984000821974,0.09400369633274003,0.0012480205470413361,7.617547260094837e-12,0.8600285664477687,0.028149053042337852,9.016325882172188e-10,0.011861316119966334,0.0035878521518288215,0.0011214944490667556,0.0,0.04101684670376666,6.095014547099348e-05,5.903712112983527e-12,0.9167177354634116,0.019096543696720352,3.5033051737732637e-10,0.018404409952086094,0.0029615676716447468,0.0017419460106654569,0.0,35.090674961141445,0.4917668538115722,358.13115304650785,11.624603531880929,3.742812405075361e-07,4.533181916814391,1.6781457289846713,0.45148229579813676,0.0,30.55266424608439,9.148880310020683,72.5070099936102,0.3024834778485783,0.49935804108217563,5.1209980231882614e-06,0.026238979940306953,0.0,0.0,0.0,0.08555759340584976,0.030592656891400546,0.1161502502972503,0.0,559.5409869487338,109.86738520776804,4732.928836792111,38417.54040427838,1163.5423256876747,0.0
21,366.0,0.19553965320682387,3.079240713884945e-09,0.0977161422970923,2668.0390416367723,2676.447658343281,0.33043473771798343,0.015646376374551435,0.04122740227656685,0.09654114799362136,0.0012849853844473936,7.822629516246856e-12,0.8570984924194356,0.02808026914675602,9.024034569146159e-10,0.012166539250719253,0.0036773938215191875,0.0011511710732751005,0.0,0.042185918020235684,6.284763012275559e-05,6.071562687488455e-12,0.9149370083783575,0.01907787305033782,3.511452737292926e-10,0.018905744582729853,0.0030399397154152546,0.0017906682655844457,0.0,35.084038889262615,0.4922539987640454,346.4916782140199,11.260067532664552,3.636914096172701e-07,4.516533269122597,1.6775907140905124,0.45029114677610976,0.0,30.52315802031592,8.878064019666159,70.44718919299638,0.30225471234984014,0.49930423002558094,5.12774236155769e-06,0.02550895406441964,0.0,0.0,0.0,0.08554547453930568,0.030587927004323674,0.11613340154362935,0.0,559.5409869845247,109.86738520776804,4732.932287672861,38417.54040451763,1163.5423256632073,0.0
22,356.0,0.19527549660972277,3.0719472321392315e-09,0.09771574163678425,2667.203624619154,2676.3175137389,0.3576535281379276,0.016452114860877363,0.04116346883132125,0.09921965409941848,0.0013240265839206619,8.039141324125647e-12,0.85400694834065,0.02800622110319326,9.029957494968095e-10,0.012488530562135735,0.0037721254281851955,0.0011824929714617514,0.0,0.043423693407103905,6.485768278562079e-05,6.249300234063264e-12,0.9130527591591086,0.019057117293420637,3.5192149064657894e-10,0.019436231856577262,0.003123093308528679,0.0018422469343045411,0.0,35.076987866127396,0.4927389639874313,334.9123451294828,10.896682263360105,3.53066560243328e-07,4.49984211943289,1.6770098700113538,0.44909406119220996,0.0,30.49347304636099,8.607235694300362,68.38330130927761,0.30204717916309465,0.49924704938425457,5.134459674117039e-06,0.024779138363327242,0.0,0.0,0.0,0.0855330455499366,0.030582479668922094,0.11611552521885869,0.0,559.5409870011379,109.86738520776804,4732.941018261253,38417.54040469371,1163.542325764354,0.0
23,346.0,0.19500519105878844,3.06462763491073e-09,0.09771507504982893,2666.3214948336413,2676.1876312172203,0.386637776235713,0.017263147750109377,0.04109589540208241,0.10205132630000302,0.0013653233795455871,8.268063599827069e-12,0.8507400853841581,0.027926453671068385,9.033925550849226e-10,0.0128287103533829,0.0038724995420182295,0.0012156004581631277,0.0,0.0447364195299358,6.69905847184977e-05,6.437823313730261e-12,0.9110556035193947,0.01903408484761609,3.5265505041692066e-10,0.019998491973371293,0.0032114689532933413,0.0018969402325773675,0.0,35.069480861275025,0.49322146575121395,323.3930267251519,10.534448424663674,3.424066936874439e-07,4.4830994380640865,1.6764006303762797,0.4478902193100567,0.0,30.463591811713602,8.336394207001433,66.31532414010891,0.30186195146241346,0.4991861655002392,5.141146100997863e-06,0.02404944006338812,0.0,0.0,0.0,0.08552027494480766,0.030576244812591306,0.11609651975739896,0.0,559.540986994347,109.86738520776804,4732.955543223814,38417.540404660336,1163.5423257901637,0.0
24,336.0,0.19472812858297672,3.057277911544033e-09,0.0977141157307298,2665.3878888882437,2676.058039404943,0.41756767067001566,0.018080126488260132,0.04102435973765546,0.10504970160320849,0.0014090762278949679,8.510492641899808e-12,0.8472824265438315,0.02784045815675063,9.035749639255312e-10,0.013188663696247443,0.003979022631214222,0.0012506502287673135,0.0,0.04613112307908027,6.925790735301772e-05,6.6381426472248185e-12,0.9089349886124944,0.01900856032862408,3.533413184623111e-10,0.02059546861198482,0.0033055626871179083,0.0019550384133656547,0.0,35.061471299201074,0.49370118149177683,311.9336038916828,10.173366968736069,3.317118197505577e-07,4.466295006189983,1.675760082308947,0.4466786920444075,0.0,30.43349436899932,8.065538631838944,64.24323540715561,0.30170021185287854,0.4991211995556261,5.1477972537649954e-06,0.02331976020652332,0.0,0.0,0.0,0.0855071269615063,0.03056914297636791,0.1160762699378742,0.0,559.5409869967378,109.86738520776801,4732.976446956464,38417.54040467769,1163.542325789165,0.0
25,326.0,0.19444361642604235,3.0498934977316143e-09,0.09771283313862426,2664.397377506003,2675.928770751918,0.4506485720025424,0.018903786621286126,0.04094850044693015,0.10822995799015007,0.0014555100418577975,8.767657578279532e-12,0.843616620646963,0.02774766434302069,9.035217647199112e-10,0.013570164967190958,0.0040922632850823384,0.001287817813445707,0.0,0.04761573626139865,7.167272101223154e-05,6.851399153906841e-12,0.9066790056080279,0.01898030073217762,3.539750601930974e-10,0.02123048035792731,0.0034059350751573787,0.0020168688834725002,0.0,35.052906083065416,0.49417774287605576,300.5339667228175,9.81343914111071,3.2098195802864545e-07,4.44941720843546,1.675084905235641,0.4454584217592302,0.0,30.40315790972713,7.794668281435902,62.167012905635495,0.30156326728351057,0.49905171960932804,5.1544081210815145e-06,0.022589993013351586,0.0,0.0,0.0,0.08549356080177518,0.03056108368012723,0.11605464448190242,0.0,559.5409869908169,109.86738520776801,4733.004394905983,38417.540404636995,1163.5423257922505,0.0
26,316.0,0.19415086177192897,3.042469176179612e-09,0.09771119232486083,2663.3437455019593,2675.799862202854,0.48611554805299073,0.01973496245558715,0.04086791088120074,0.11160917036870668,0.0015048780345460085,9.040941071542084e-12,0.8397231504201035,0.027647430909975304,9.032090862288373e-10,0.013975206883825612,0.004212861985818201,0.0013273004847746404,0.0,0.04919924731667318,7.42498455005297e-05,7.078885583386613e-12,0.904274165024991,0.018949030861465616,3.545503416591673e-10,0.021907282252978284,0.0035132220047312908,0.0020828023320309435,0.0,35.04372442841105,0.49465072762318696,289.19401600200666,9.454666530095178,3.1021713978648283e-07,4.432452782717077,1.674371297845011,0.4442281991823312,0.0,30.372556247789664,7.5237827469376795,60.0866346667088,0.30145256673759957,0.49897723108039294,5.160972957479681e-06,0.021860025158472823,0.0,0.0,0.0,0.08547952971725079,0.030551963449076333,0.11603149316632712,0.0,559.5409869932797,109.86738520776804,4733.040148822579,38417.54040465253,1163.5423257888501,0.0
27,306.0,0.19384895324999718,3.0349989565248185e-09,0.09770915311895512,2662.2198449262014,2675.6713560278195,0.5242389233534431,0.020574604936684483,0.04078213183642996,0.11520661580169098,0.0015574663097740703,9.331904016455468e-12,0.8355799844379116,0.02753903400879454,9.026099681704614e-10,0.01440603503856028,0.004341542772227605,0.001369320719099101,0.0,0.0508918820096084,7.70061525872246e-05,7.322072603742908e-12,0.9017051259755675,0.018914437812706096,3.550604091137725e-10,0.02263013986627602,0.0036281477100955054,0.002153260110776803,0.0,35.03385641808455,0.49511964912034634,277.91366503943993,9.097051125681284,2.9941740965711867e-07,4.415386517005314,1.6736148876750356,0.4429866352796979,0.0,30.341659194402776,7.252881951469033,58.00207914261872,0.3013697218288519,0.4988971649535128,5.167485142272015e-06,0.02112973494588792,0.0,0.0,0.0,0.08546497987994843,0.030541663420036436,0.11600664329998486,0.0,559.540986997177,109.86738520776804,4733.084584124525,38417.54040467683,1163.5423257835405,0.0
28,296.0,0.19353683804835242,3.0274759267969555e-09,0.0977066691213919,2661.0174141003545,2675.543300838165,0.5653311168884815,0.021423803609368613,0.040690642798771305,0.11904413950673029,0.0016135993755425793,9.642315148462622e-12,0.8311621598994219,0.027421653568156606,9.016938476492366e-10,0.01486518916249119,0.0044791272388951114,0.0014141303374262037,0.0,0.05270532383031233,7.996093344935568e-05,7.582640448775179e-12,0.8989543678872074,0.01887616429182132,3.5549754331601944e-10,0.023403918934816123,0.0037515405860859274,0.002228723173227454,0.0,35.023221232146255,0.49558394381442494,266.69284192181976,8.740595393083638,2.8858282811695677e-07,4.3982008747034085,1.6728106202497732,0.44173212654211946,0.0,30.310431784632016,6.981966213065291,55.91332547564643,0.30131653152434384,0.49881086332638225,5.173937008206922e-06,0.020398991365369216,0.0,0.0,0.0,0.0854498489903193,0.03053004638556343,0.11597989537588271,0.0,559.5409870000415,109.86738520776804,4733.138712050699,38417.54040469159,1163.542325775483,0.0
29,286.0,0.1932132935919615,3.0198920698068226e-09,0.09770368645745958,2659.726852971748,2675.415752848436,0.6097551300692658,0.022283813793470636,0.04059285138520014,0.12314659612717305,0.0016736468031316367,9.974186741862136e-12,0.8264412797567475,0.027294356787377815,9.004259393893225e-10,0.015355552699418162,0.004626551429550496,0.0014620154862012363,0.0,0.05465298284236309,8.313634787097115e-05,7.862517557262859e-12,0.8960017899781064,0.01883380045898596,3.55852881473603e-10,0.02423419453070616,0.0038843525079843683,0.0023097429702676454,0.0,35.011724945728325,0.4960429554199479,255.53149230770856,8.385302363414835,2.7771347439735254e-07,4.3808755313366845,1.6719526211507578,0.44046281197280324,0.0,30.278833320554106,6.71103632375908,53.8203538442522,0.301295011655673,0.4987175614230341,5.180319626940589e-06,0.01966765300971328,0.0,0.0,0.0,0.08543406454247968,0.030516953137930226,0.1159510176804099,0.0,559.5409870000548,109.86738520776801,4733.203706811939,38417.540404684645,1163.5423257660927,0.0
30,276.0,0.19287689218431225,3.012238034162666e-09,0.09770014222177781,2658.33694199957,2675.2887774530504,0.6579351677502756,0.023156090487639783,0.04048808053065695,0.12754238492523828,0.0017380313192545125,1.0329817905138182e-11,0.8213849030241069,0.02715607812123099,8.987664837732945e-10,0.01588041269493039,0.0047848863438418494,0.0015133026623006802,0.0,0.056750326174542995,8.655797721729964e-05,8.163928070945582e-12,0.8928242192728341,0.018786873909904016,3.561161983220132e-10,0.02512738488640261,0.004027682595983682,0.00239695481883512,0.0,34.999257773691916,0.4964959150850829,244.4295829216226,8.03117574664778,2.668094501016582e-07,4.363386796694263,1.6710340233950531,0.43917651936549335,0.0,30.246816177109796,6.4400936481278706,51.723145915869246,0.30130743046554204,0.49861636507978707,5.186622539663056e-06,0.018935566827237828,0.0,0.0,0.0,0.08541754164738827,0.030502197909096418,0.11591973955648467,0.0,559.5409870004308,109.86738520776807,4733.280939584258,38417.54040472235,1163.5423258144426,0.0
31,266.0,0.19252595623509983,3.0045028445383495e-09,0.09769596250907307,2656.8344873426,2675.162451215106,0.710370043078382,0.024042331035078777,0.040375552841928036,0.13226410296776472,0.0018072387040736814,1.071184741555137e-11,0.8159558009666341,0.02700559486703512,8.966698296268954e-10,0.016443532558047758,0.004955362985267049,0.0015683660437958416,0.0,0.0590152872517133,9.025551023811455e-05,8.489450644123419e-12,0.8893948019295108,0.018734837284992555,3.5627563536050287e-10,0.02609091658054819,0.004182806658239765,0.002491094419992204,0.0,34.98569059041095,0.4969419163638917,233.38710596501454,7.678220076081802,2.558708840075518e-07,4.345706883901813,1.6700467492666662,0.43787069731624256,0.0,30.214324290358277,6.169140247868298,49.62168549161846,0.3013563519744914,0.4985062222961253,5.1928334172546326e-06,0.018202566679205733,0.0,0.0,0.0,0.08540018027113164,0.030485562605166005,0.11588574287629765,0.0,559.5409870004687,109.86738520776801,4733.372021219976,38417.540404713734,1163.54232580204,0.0
32,256.0,0.19215850180552607,2.996673537005859e-09,0.09769105993173795,2655.203868846745,2675.036864396653,0.767650253663264,0.024944529324818054,0.040254371363667836,0.13734934767625537,0.0018818299809529849,1.1123318645496628e-11,0.8101110435878387,0.026841497164820288,8.940833049693503e-10,0.01704924105543354,0.005139403160287838,0.0016276364692046753,0.0,0.061468776492641576,9.426360032586172e-05,8.842091842844422e-12,0.8856822443129181,0.018677052808602806,3.563173621664499e-10,0.027133430038182124,0.004351213953759059,0.0025930184284111263,0.0,34.97087049654947,0.49737988294834296,222.40408472629431,7.326440887377187,2.4489793759563326e-07,4.327802988680328,1.6689812324727185,0.43654232931155984,0.0,30.18129125262088,5.898179039753014,47.515959270788706,0.3014446885686989,0.498385886978237,5.198937622302272e-06,0.01746847166445303,0.0,0.0,0.0,0.08538186171277135,0.03046678953926325,0.11584865125203458,0.0,559.5409869992384,109.86738520776801,4733.47885668136,38417.54040470052,1163.5423257959972,0.0
33,246.0,0.19177216556528442,2.988734687566064e-09,0.0976853304086814,2653.426458391514,2674.912124212085,0.8304799541659244,0.02586504534612464,0.04012349576149768,0.14284170993910073,0.0019624565423403038,1.1567759893884131e-11,0.8038008697766508,0.026662150905975644,8.90945821244031e-10,0.017702541812756867,0.005338657615206773,0.0016916125054552843,0.0,0.06413532398891926,9.862294640269606e-05,9.225378503724941e-12,0.8816498589432746,0.018612772863328207,3.562251510254214e-10,0.028265037147445233,0.004534653476518435,0.002703730268660869,0.0,34.95461511231087,0.49780852726433195,211.48058080076956,6.97584495381804,2.3389081282570957e-07,4.309636099670892,1.6678260601836195,0.43518782270241685,0.0,30.14763784854654,5.627213998763694,45.40595798493824,0.3015757664449978,0.49825387224351414,5.204917647219322e-06,0.016733084166746036,0.0,0.0,0.0,0.08536244404441047,0.030445572047629366,0.11580801609203982,0.0,559.5409869980812,109.867385207768,4733.603714916523,38417.54040469032,1163.5423257934415,0.0
34,236.0,0.19136411026746103,2.980667803030909e-09,0.0976786490109228,2651.4798631981485,2674.7883590580263,0.8997055395644363,0.026806695437502682,0.03998171260473006,0.14879201241251436,0.00204987906683381,1.204928456096976e-11,0.7969672792794891,0.02646565149585796,8.871861309111483e-10,0.01840924903969292,0.0055550536148909705,0.0017608741914855155,0.0,0.06704389558985024,0.00010338166829488672,9.643475021226204e-12,0.8772543543645305,0.01854111534172827,3.559798362278831e-10,0.02949764709402553,0.004735192749603919,0.0028244128263431737,0.0,34.936705150076264,0.49822629616422265,200.61670347688354,6.626440589034308,2.2284976185065994e-07,4.291159460813232,1.6665675070849244,0.43380286485747915,0.0,30.113268868677558,5.356250422031788,43.29167787133065,0.3017534068290073,0.49810838961241394,5.210752377531085e-06,0.01599618756983772,0.0,0.0,0.0,0.08534175615805642,0.03042154235908288,0.11576329851713929,0.0,559.5409869973328,109.86738520776804,4733.749319512257,38417.54040468419,1163.5423257924153,0.0
35,226.0,0.19093090051175032,2.9724505216470145e-09,0.09767086450293612,2649.3369296460605,2674.665724078547,0.9763532727493412,0.027772870800998817,0.03982759798029777,0.15525986614896822,0.0021449913813752367,1.2572717081988609e-11,0.7895422638337591,0.02624976576213068,8.827206363349297e-10,0.01917615697061219,0.005790854776342992,0.0018361002315182041,0.0,0.07022893931037094,0.00010859707440917305,1.010133374255098e-11,0.8724442854269275,0.01846103207975485,3.5555862081887056e-10,0.03084538227842985,0.004955293232285881,0.0029564702321619165,0.0,34.91687463315418,0.49863129910691417,189.8126220873985,6.278238045769379,2.1177509990184823e-07,4.272316553414472,1.6651889215031517,0.43238223404205905,0.0,30.07806892405856,5.085295275703843,41.17312269834603,0.30198202826653864,0.4979472688799289,5.21641611792251e-06,0.015257543574254108,0.0,0.0,0.0,0.08531958989050464,0.030394255677225576,0.11571384556773022,0.0,559.5409869970049,109.86738520776804,4733.918967787027,38417.54040468158,1163.5423257920677,0.0
36,216.0,0.19046833742773828,2.9640555512044796e-09,0.09766179208138893,2646.9644146247297,2674.5444085837717,1.0616794667322198,0.028767695191814994,0.039659470043271056,0.16231564447905297,0.0022488508390723083,1.3143752634900344e-11,0.7814455657851984,0.026011858335081933,8.774506099193704e-10,0.020011253038439727,0.006048736956482656,0.0019180896760776563,0.0,0.07373174125827053,0.00011433795829742247,1.0604889862490957e-11,0.8671580479996541,0.01837126800626771,3.5493417824981325e-10,0.032325114556630556,0.005197908044170324,0.0031015818111702286,0.0,34.89479784653113,0.49902121186028114,179.06858247354182,5.931250047250889,2.006672225134401e-07,4.253038415434355,1.6636699061008873,0.4309195476644225,0.0,30.041896880980264,4.814357656609279,39.05030655922022,0.30226677684119047,0.4977678511430803,5.221877286834147e-06,0.014516889036570692,0.0,0.0,0.0,0.08529568946737365,0.03036316903653247,0.11565885850390611,0.0,559.5409870143021,109.86738520776804,4734.116689341049,38417.5404047996,1163.5423257865325,0.0
37,206.0,0.18997123572750674,2.955449239716135e-09,0.09765120358607228,2644.3211879760393,2674.4246460912077,1.1572383730401379,0.029796237777581114,0.039475328226337834,0.17004300933530533,0.002362717375701271,1.3769161592653286e-11,0.7725818117952982,0.025748797482631904,8.712586327758395e-10,0.020923988258803608,0.006331885374273702,0.0020077894929581533,0.0,0.0776022027645679,0.00012068761756831683,1.1161316897601602e-11,0.8613212549178968,0.018270307677570305,3.540734743525419e-10,0.033957164113457186,0.005466610039999578,0.0032617725037051956,0.0,34.87007166198372,0.4993931451628654,168.38492926292176,5.5854925050091895,1.8952662860086842e-07,4.23324003227,1.6619852077196418,0.4294069224507277,0.0,30.004578362015568,4.543449417975515,36.92325775752815,0.30261369371633107,0.4975668438014049,5.22709663682522e-06,0.013773932238961,0.0,0.0,0.0,0.08526973713430543,0.03032761283748795,0.1155973499717934,0.0,559.5409869970847,109.86738520776807,4734.347459071178,38417.54040467843,1163.5423257880143,0.0
38,196.0,0.18943311786981099,2.946589618691973e-09,0.09763881407671111,2641.3557618712503,2674.306728109285,1.2649754825492874,0.030864805080273828,0.039272774558455396,0.17854217724127128,0.00248810426943607,1.4457053889555395e-11,0.7628368110051824,0.025456833479446016,8.640039899355269e-10,0.021925623065965155,0.006644120121975661,0.0021063299382622926,0.0,0.08190119875598711,0.00012774787382091728,1.1779365761706946e-11,0.8548432600289642,0.018156304449060422,3.5293620489964776e-10,0.03576622091934578,0.005765761730065645,0.0034395058780403486,0.0,34.842191263971046,0.4997434635934095,157.7621364435247,5.240985505647146,1.7835395281391337e-07,4.212815397227869,1.6601031919684863,0.4278345084017686,0.0,29.965895468542893,4.272586023045581,34.792024322871974,0.3030299345193632,0.4973401212498356,5.2320248012598796e-06,0.013028348480004809,0.0,0.0,0.0,0.08524133330695961,0.030286751895796975,0.11552808520275659,0.0,559.5409869915616,109.86738520776807,4734.617491279781,38417.540404642124,1163.5423257913199,0.0
39,186.0,0.18884578806049213,2.937423684205045e-09,0.09762426314421285,2638.002835335952,2674.191023442668,1.3873580092740319,0.0319813484873324,0.03904891072635442,0.18793418644450446,0.002626844873818035,1.521722459476103e-11,0.75207272404282,0.0251314398251252,8.555166450761727e-10,0.023029673576176326,0.006990060012161125,0.002215070354660943,0.0,0.08670374992265598,0.00013564450083345994,1.2469820983615922e-11,0.8476124924638206,0.018026985376845574,3.514726921530142e-10,0.037782575098918365,0.006100743709259994,0.0036378085637234926,0.0,34.810516137775736,0.5000675294966673,147.2008501513773,4.897754688715865,1.6715001004996824e-07,4.191630645310244,1.65798370502066,0.4261898388399179,0.0,29.925572481164966,4.001787744269196,32.65668189152373,0.3035240594722186,0.4970824453578627,5.236598827818123e-06,0.012279774877903918,0.0,0.0,0.0,0.08520996859471029,0.03023953130470192,0.11544949989941221,0.0,559.5409869967784,109.86738520776804,4734.934646584255,38417.54040468407,1163.542325794751,0.0
40,176.0,0.18819872665083004,2.9278835418391104e-09,0.09760708835610385,2634.1783663009437,2674.0780057233283,1.5275609609960015,0.03315604436784114,0.0388002018139161,0.19836653629563872,0.0027811814689717067,1.6061610880454216e-11,0.740121687363501,0.024767103636488697,8.455892712379561e-10,0.024252492536824422,0.007375338802877791,0.002335659034046747,0.0,0.09210335325406409,0.00014453466868368677,1.3246123736839527e-11,0.8394901025577027,0.017879521681240292,3.4962101354250027e-10,0.04004378221618833,0.006478266218967689,0.003860439040286011,0.0,34.774221557732304,0.5003593352067421,136.70194963818003,4.5558332111901025,1.5591585953787097e-07,4.16951431907757,1.6555750223266636,0.42445690624640237,0.0,29.88325555649955,3.7310813667706983,30.517345227082018,0.30410642500680074,0.49678706635443287,5.240737202546343e-06,0.011527804278801174,0.0,0.0,0.0,0.08517498362149689,0.03018459969781255,0.11535958331930944,0.0,559.5409869901405,109.86738520776807,4735.309011805976,38417.54040464731,1163.5423258015057,0.0
41,166.0,0.18747821085682936,2.9178808264502934e-09,0.09758668672384455,2629.772388815218,2673.9682935689584,1.6897383238508836,0.03440213826074921,0.038522293681053164,0.21002073082024578,0.002953885189027747,1.700490383121076e-11,0.7267772992699146,0.024357045637367934,8.339665773997991e-10,0.025614032252635574,0.007806893767147346,0.0024701122126894516,0.0,0.09821799041504832,0.00015461732742266736,1.4125236706291326e-11,0.8303011709801402,0.017710349483753465,3.473030170193777e-10,0.042596950560954576,0.006906800821721542,0.004112120049530855,0.0,34.73222782821876,0.5006109620132797,126.2666360923922,4.2152646092267085,1.4465289846586398e-07,4.146243278760062,1.652809395820307,0.4226148198494068,0.0,29.83848329104874,3.460502667672148,28.37418537236098,0.3047897219050331,0.4964451399678996,5.244332534370839e-06,0.010771978219119408,0.0,0.0,0.0,0.08513550997762555,0.030120198194767592,0.11525570817239314,0.0,559.5409869968098,109.86738520776801,4735.753741785441,38417.54040468055,1163.5423257923806,0.0
42,156.0,0.1866660075004134,2.90729843494538e-09,0.09756225745297901,2624.6382831594365,2673.8627106588133,1.8794281265860717,0.0357372041817934,0.03820976496920107,0.2231224987050667,0.003148420311973836,1.8065378445712265e-11,0.7117831095207668,0.02389284141266522,8.203308225346835e-10,0.027138854669814434,0.008293355265093458,0.0026209192762233547,0.0,0.10519861327886784,0.00016614796563604154,1.5128866463183182e-11,0.8198223355653678,0.017514917398532413,3.4441869064414265e-10,0.04550193279643225,0.0073971888027797045,0.004398863832836554,0.0,34.68309446149966,0.5008117626918955,115.8965652852858,3.8761070695988153,1.3336300166741316e-07,4.121521826602821,1.6495963912068574,0.4206358083967513,0.0,29.790643030990104,3.1901001183284237,26.22745573388023,0.3055897297802275,0.4960448545119715,5.247240509724788e-06,0.010011779038935761,0.0,0.0,0.0,0.08509038116294834,0.030043995896573816,0.11513437705952215,0.0,559.540986944149,109.86738520776807,4736.286308825568,38417.540404362226,1163.5423258407022,0.0
43,146.0,0.1857373739359982,2.8959779348695753e-09,0.09753271446337373,2618.576293531865,2673.7623781364478,2.1041745931901175,0.037185076835701436,0.03785578564251725,0.2379558236113972,0.003369172983925821,1.92660352977394e-11,0.6948168599763488,0.023363902567522948,8.042818961464032e-10,0.02885747731667335,0.008845578719885804,0.0027911840006980965,0.0,0.11324136369726324,0.0001794600294111418,1.628522562196941e-11,0.8077640466345314,0.017287324412878256,3.408380542084742e-10,0.04883585491469848,0.007963514738005991,0.0047284352160883135,0.0,34.624857512808205,0.5009470919547,105.59405116696041,3.5384399912021314,1.2204873789479654e-07,4.0949499208299445,1.6458126411905118,0.4184821657630663,0.0,29.73890419069718,2.91994055632379,24.077532916395835,0.30652640294288586,0.4955700868584728,5.249262752506693e-06,0.009246621600982479,0.0,0.0,0.0,0.0850379943861168,0.02995283947029323,0.11499083385641001,0.0,559.5409869637942,109.86738520776804,4736.9304154952915,38417.540404494146,1163.5423258299784,0.0
44,136.0,0.18465790755114142,2.883699816329193e-09,0.09749654864880217,2611.307388780896,2673.668861529161,2.3745146879462395,0.03877891331367636,0.03745164023487426,0.2548824599333651,0.003621775183929619,2.063619356024956e-11,0.675468640706103,0.022756756952123626,7.853095296502905e-10,0.03080817259032546,0.009477378609043395,0.0029848152191640394,0.0,0.12260554822142543,0.0001949967327218773,1.7631629118364313e-11,0.7937445985469544,0.01701978962489139,3.3638922221845596e-10,0.052699657339820065,0.008624386036598892,0.005111023143567064,0.0,34.554771198384785,0.5009962625235427,95.36238864410126,3.2023743813209347,1.1071371213285023e-07,4.065973324580127,1.6412855608359975,0.41610143394208066,0.0,29.682113410411464,2.6501181795039694,21.924982363875003,0.3076254711718776,0.4949982633724887,5.250119255279591e-06,0.00847584594379658,0.0,0.0,0.0,0.08497608864693554,0.029842360526893146,0.11481844917382868,0.0,559.5409869930943,109.86738520776804,4737.719002044341,38417.5404046572,1163.542325804638,0.0
45,126.0,0.18337839507344889,2.8701513907910327e-09,0.09745160293256984,2602.4302560469196,2673.5844131334557,2.7056010111626914,0.040566228120457945,0.03698605312906536,0.27436941317470515,0.003913572121966108,2.2213745145300892e-11,0.6532102785400477,0.02205403892813031,7.627540423263311e-10,0.03303936318714147,0.010206549116346088,0.0032067841466954777,0.0,0.13364069381854882,0.0002133595276899413,1.9218411482701957e-11,0.7772512966736952,0.016701858768903823,3.3084043007563225e-10,0.05722771088773055,0.009404847130740258,0.005560232842632533,0.0,34.46888224906468,0.5009291296414615,85.20638418113697,2.86806995793658,9.936313259600252e-08,4.033802604857393,1.6357665081531643,0.41341852791450234,0.0,29.618623630289623,2.380769310185881,19.770667940545216,0.30892087896894926,0.4942968277827464,5.249402360787558e-06,0.007698714196743863,0.0,0.0,0.0,0.08490137454001322,0.02970633789624115,0.11460771243625437,0.0,559.5409870057321,109.86738520776804,4738.699165035936,38417.54040468943,1163.5423258573217,0.0
46,116.0,0.18182603802119957,2.8548724885089133e-09,0.09739468957008687,2591.347459322082,2673.512389857576,3.119987800290184,0.0426175386730182,0.03644422298348211,0.2970279892424062,0.004254309393503425,2.404838447506795e-11,0.6273521365873127,0.021233062126537257,7.357502877627185e-10,0.03561274929981449,0.011056285289915768,0.0034634673007113833,0.0,0.1468282749906406,0.00023538406800299608,2.1114991132876656e-11,0.7575810813047923,0.01631918984087217,3.238722910015972e-10,0.06260218662440716,0.010339304870957683,0.006094577955339879,0.0,34.361297685947754,0.5007001119350325,75.13326615758828,2.535764501911937,8.800478772539606e-08,3.9972761770524565,1.628884594251685,0.4103223198808305,0.0,29.546003908840017,2.1120977123651707,17.615942293749857,0.3104586280838857,0.49341714733726105,5.2464963077319465e-06,0.006914419913146398,0.0,0.0,0.0,0.08480888799191427,0.0295356198385422,0.11434450783045648,0.0,559.5409870128898,109.86738520776804,4739.940526514873,38417.540404676816,1163.5423260278644,0.0
47,106.0,0.17988876306184665,2.8371592150268293e-09,0.0973209069940387,2577.132171800141,2673.458011361398,3.6526579710714207,0.04504198036594347,0.0358064342318558,0.32366935388372137,0.004657161506973814,2.6206272931235755e-11,0.596982298340846,0.020263805312270917,7.031473121897611e-10,0.03860716102012738,0.012057134793167477,0.0037630844135394504,0.0,0.16284766028019307,0.00026226293302077547,2.3419513957800895e-11,0.7337478032218395,0.015851654188795836,3.1503390376047515e-10,0.06907477650932368,0.01147608726881231,0.006739755259561274,0.0,34.22286018501602,0.5002371463061914,65.15432636985007,2.205826814688081,7.665081849503431e-08,3.9546177641965206,1.620063100811806,0.40664166170412386,0.0,29.460522796245897,1.8444202121011206,15.462993977454506,0.3123030669590451,0.49228344823531633,5.240428847221102e-06,0.006122129846076167,0.0,0.0,0.0,0.08469080042085467,0.029316216378772304,0.11400701679962696,0.0,559.5409869960941,109.86738520776804,4741.550181701263,38417.5404046775,1163.542325785137,0.0
48,96.0,0.1773855351296696,2.815883920005648e-09,0.09722234998107449,2558.2731657519776,2673.429821426991,4.360639856423574,0.04801724069434681,0.03504608327122752,0.3553821193858154,0.005140292177363845,2.8776750379348597e-11,0.5608831973145992,0.019106139432245657,6.63394759759064e-10,0.04212252304268557,0.013249538988260373,0.004116188966858438,0.0,0.1826825650724035,0.0002957501717444678,2.6274590313339952e-11,0.7043351715277789,0.015270319138644205,3.0367189254989243e-10,0.07699944301386355,0.012884633778318564,0.007532116967300289,0.0,34.038605429519166,0.49941993517383715,55.288057769223514,1.8788580365664544,6.532113215099298e-08,3.902983315198922,1.6083590547910895,0.4021000765021631,0.0,29.356176285827267,1.5782538476722985,13.315517609099976,0.31454761090245537,0.4907714752320863,5.229579597734242e-06,0.00532110896315019,0.0,0.0,0.0,0.084534085694679,0.02902573816061873,0.11355982385529773,0.0,559.5409869945074,109.86738520776804,4743.700941253581,38417.54040459481,1163.5423260502514,0.0
49,86.0,0.17400638885584563,2.789137142376188e-09,0.09708551173642047,2532.1523550841234,2673.442713522012,5.342702722534383,0.05185110525473441,0.0341270296515151,0.3936327646323364,0.005729219465417461,3.1881669249629575e-11,0.5174279583672942,0.017706346951253945,6.143919989258505e-10,0.04628116733705723,0.014686573750952413,0.004535968849414654,0.0,0.20779436547624666,0.00033851167968715633,2.9893464752205733e-11,0.6672642174340085,0.01453266087918377,2.8881457728420763e-10,0.0868797395590546,0.014666713239578336,0.00852379141353274,0.0,33.78252990130178,0.4980336928026769,45.56657568753814,1.5558992271452663,5.405045349120626e-08,3.83756182335452,1.5921333076571356,0.396224470504057,0.0,29.222739156291663,1.314494129701286,11.180097394669446,0.3173336930763392,0.4886642894913393,5.211061551701055e-06,0.0045110642496922135,0.0,0.0,0.0,0.08431558703859421,0.02862633571581876,0.11294192275441298,0.0,559.5409869914464,109.86738520776804,4746.688270038475,38417.54040460759,1163.5423262433662,0.0
50,76.0,0.169182068426883,2.753466622344251e-09,0.09688566022346563,2493.8883736774937,2673.524735001861,6.782929724908586,0.057118599521183006,0.0330007747405789,0.44036073035225276,0.006460243481275393,3.568681904532457e-11,0.4644964720073174,0.01599418990843915,5.533323405635752e-10,0.05121640571682842,0.016434562537018558,0.005037395407849139,0.0,0.24039501862195273,0.0003947311861023051,3.460329020286206e-11,0.6194478052562058,0.013575404282963588,2.6898865688070925e-10,0.09942547101862963,0.01697246074007775,0.009789108590476027,0.0,33.40593316075921,0.4956615023560953,36.049815250013246,1.2388911258729283,4.290411760125477e-08,3.7496718827948783,1.5683169141985003,0.38814782921902735,0.0,29.041575388712324,1.0548090235833654,9.06929069906785,0.32088473033199544,0.4855528373393734,5.1792870288950975e-06,0.003693092558265217,0.0,0.0,0.0,0.08399062799292409,0.02804977308913642,0.11204040108206051,0.0,559.5409870140959,109.86738520776804,4751.053708772143,38417.540404840656,1163.5423255968974,0.0
51,66.0,0.16177972211911928,2.7021642108267782e-09,0.09657379818743352,2433.571362165395,2673.733796557607,9.05482861422386,0.06499433379676625,0.03160684900590792,0.49790935914092643,0.007384433787135116,4.040936060961906e-11,0.39961232005446207,0.013886986220566335,4.767470128712842e-10,0.057013712145162335,0.018561474486980173,0.005631713647611179,0.0,0.283798505756385,0.00047109954825284953,4.091047000709823e-11,0.556421755175581,0.012306695699529496,2.4197964031650166e-10,0.11556087262740196,0.020014376773071857,0.011426694136887764,0.0,32.80923003301055,0.4914073623841334,26.859465467088224,0.9317759647432822,3.2016534020471296e-08,3.6225116298866418,1.5306464805307958,0.3761545881388579,0.0,28.776029133135065,0.8025804550931473,7.009056330817595,0.3255615848994518,0.4805917898081044,5.122299083754713e-06,0.00287239487644118,0.0,0.0,0.0,0.08346405272791581,0.02716417164799041,0.1106282243759062,0.0,559.5409869965467,109.86738520776801,4757.871682001253,38417.54040467763,1163.5423257958166,0.0
52,56.0,0.14937416145184734,2.6214431544892198e-09,0.0960458301718478,2329.422687932869,2674.2012646226362,12.978502828491207,0.078100874587649,0.029891860067282162,0.5681119242382661,0.008567034965327626,4.629560218764687e-11,0.3211199124730344,0.01132730947430986,3.81664547369967e-10,0.06349557368079933,0.02107383921969412,0.006304405520608412,0.0,0.3423907165179538,0.0005779021200154195,4.9558766565468105e-11,0.4727817792593778,0.010614229773330205,2.0483347263773668e-10,0.13608279056626277,0.024027109185212732,0.013525472323455093,0.0,31.770609859139213,0.4831220044130109,18.263156402227494,0.643243820867232,2.1689742703052207e-08,3.42187618445643,1.4652639089585058,0.35663006696101307,0.0,28.34917799335568,0.5652405780843226,5.0573590229666525,0.3318946187593344,0.4718630426460114,5.011622738610586e-06,0.0020662399738138712,0.0,0.0,0.0,0.08251082149832363,0.025701680941097635,0.10821250243942125,0.0,559.5409870203819,109.86738520776804,4769.43045951843,38417.54040487575,1163.5423255985663,0.0
53,46.0,0.12684136556224956,2.484516677226308e-09,0.09508517329497485,2134.1316454161515,2675.2336072857474,20.332306900241885,0.10239721247590151,0.0278985889369135,0.6484093637874121,0.01005867463985922,5.352357693487957e-11,0.23281741813707374,0.008433899281785421,2.7087386684775173e-10,0.06964435877229012,0.02368686277502278,0.006949422282159223,0.0,0.41870491262718396,0.0007270013400920061,6.138985156190856e-11,0.36726510386145395,0.008467609699075809,1.5576035113214623e-10,0.15992501562015735,0.028935840792431448,0.01597451584245523,0.0,29.792980984785522,0.46536582886181627,10.846716621611414,0.3924165748843174,1.2611034921189438e-08,3.083221330929441,1.3418144475872371,0.3223263669908438,0.0,27.604955947231478,0.35905930904077044,3.342947257197038,0.34011172179026844,0.45489581210197955,4.776245660266812e-06,0.0013241577795389408,0.0,0.0,0.0,0.08057477737670904,0.023159225536199573,0.10373400291290862,0.0,559.5409870048163,109.86738520776801,4790.5146835402775,38417.540404749096,1163.54232573167,0.0
54,36.0,0.08640469252968153,2.259641336497666e-09,0.0933765778186353,1778.760773639288,2677.3888632250532,33.694270168261944,0.14819900117516205,0.025944364497016585,0.7248265998865463,0.01180793346846314,6.23264456666679e-11,0.15157158992996872,0.005756193679266104,1.6323188379406575e-10,0.07328913575214428,0.025443855875848787,0.007304691182204405,0.0,0.5033059934809994,0.0009177144057063721,7.687108581240874e-11,0.25711132326212993,0.006214511848773631,1.0093319094662834e-10,0.18097111361267423,0.033423404876300335,0.018055938335611834,0.0,26.070425880376334,0.427001951200329,5.511223501390692,0.20907315606551696,5.931623832699218e-09,2.540988851643278,1.1156508376701448,0.26466515025688403,0.0,26.331912783951633,0.2091142763713328,2.068131768432459,0.34717090895841757,0.42158291905319495,4.276537516322929e-06,0.000742712623600131,0.0,0.0,0.0,0.07655979820707574,0.019033861541513437,0.09559365974858919,0.0,559.5409869957621,109.86738520776804,4828.1831408616745,38417.540404670384,1163.542325792124,0.0
55,26.0,0.02336102935265849,1.9508780182398275e-09,0.09076787277905216,1265.2616265120555,2681.124925915732,52.94974884705535,0.22291996786471074,0.02445173220399092,0.7806381736850992,0.013707013802099561,7.46563933628642e-11,0.09557754187553105,0.0039055369878971857,8.35811774869493e-11,0.0737163443722517,0.025256961186884967,0.007198427931998712,0.0,0.5751500613658086,0.001130342112369546,9.769921329130657e-11,0.1720254333754172,0.004473894964662013,5.483664832610653e-11,0.19313761099609386,0.03520320998912261,0.01887944704399024,0.0,20.283397780176855,0.35754206106134245,2.502982480936716,0.10219102591543941,2.187697863810438e-09,1.8490473459827717,0.7873725014735699,0.18802088590697752,0.0,24.472317679160373,0.12243513717033004,1.2965583506540286,0.3426236257639519,0.3654017136839476,3.404481856275615e-06,0.00037851052739854257,0.0,0.0,0.0,0.06944806432572688,0.013763849167292943,0.08321191349301982,0.0,559.5409869981256,109.86738520776801,4886.116114492546,38417.540404692765,1163.542325794788,0.0
56,16.0,-0.06855868066678106,1.57595812235332e-09,0.08708967699289698,706.5568089786468,2686.6105820990124,73.81734530113883,0.3286930774449344,0.02345903288453351,0.8160533638695585,0.015966305717696243,9.819975337195707e-11,0.062234959072554864,0.0028288087421460143,3.452741628996276e-11,0.07325543790785935,0.022894038528485948,0.00676708602897189,0.0,0.6266852481691437,0.001372369398501012,1.3394730650939475e-10,0.11675372317284975,0.0033775994150476553,2.3611633035261093e-11,0.20005179864578393,0.033260065904895976,0.01849919513621915,0.0,13.051595595502686,0.2559721766482247,1.000188456477467,0.045433846704295955,5.546615455382056e-10,1.1350606355211879,0.42835351844910924,0.10857230070800346,0.0,22.000412451123037,0.07626334481050281,0.8495609452343178,0.31252340006870283,0.2842280455778525,2.2165286889336376e-06,0.00017292782645991544,0.0,0.0,0.0,0.05871638910116467,0.0083582484668409,0.06707463756800557,0.0,559.540986996498,109.86738520776807,4968.674585549066,38417.54040467691,1163.54232579076,0.0
57,6.0,-0.23735214481828848,1.0665604527536731e-09,0.08071123069852709,217.7863990538048,2694.795050736544,91.97150318573827,0.48514008723072877,0.022828867988042702,0.8376977241400058,0.019952825769274936,1.77580789673283e-10,0.04077487483361896,0.002252379250884922,7.321792814148334e-12,0.07579283092490859,0.01746507405348913,0.006064290842915002,0.0,0.6610647126107836,0.0017623685021192974,2.4891169266797465e-10,0.07860581851584,0.0027635784695174857,5.145233713844146e-12,0.21269459196795973,0.026073351220036126,0.017035578459687034,0.0,5.02542228519398,0.11980675693583148,0.24505734757584707,0.013531470568727088,4.3989623649780166e-11,0.4449032652515591,0.11611721652368118,0.03641920786806635,0.0,18.103023643819842,0.04867492612025312,0.537977989950217,0.2304317418990798,0.16500227416003113,8.370568138186283e-07,5.202710173991626e-05,0.0,0.0,0.0,0.04133754354185811,0.003202129716493888,0.044539673258352,0.0,559.540987038694,109.867385207768,5114.320513690065,38417.54040502465,1163.5423258463366,0.0
58,5.0,-0.2669762546175196,9.960583792809935e-10,0.07964027045214485,176.28431268304357,2695.9139298144983,93.50615294192237,0.5069288111899437,0.022787764793062888,0.8390512825537783,0.02068336346257075,1.9905091710521922e-10,0.03889024726384974,0.0022229506751929255,5.578589713396833e-12,0.07665771449486301,0.016541028756624842,0.005953412588491157,0.0,0.663327181355102,0.0018301897735325012,2.7950922541580194e-10,0.0751078639129814,0.00273239044165386,3.927306003457298e-12,0.21550970595198624,0.0247383989281254,0.016754269353182208,0.0,4.194724610086126,0.10348145979224226,0.19472155247903156,0.01112606604758039,2.792284675470225e-11,0.3757745372694744,0.09070689263988152,0.029788962150179666,0.0,17.49487638113002,0.04635026257928056,0.5073233336020715,0.21577774481827644,0.14886007471463003,6.91798614169306e-07,4.2751816196989875e-05,0.0,0.0,0.0,0.038686322283329334,0.0026930334892339906,0.041379355772563325,0.0,559.5409864209623,109.86738520776804,5139.08917836454,38417.54039968491,1163.5423248837033,0.0
59,4.0,-0.3026300148066152,9.173909676181789e-10,0.07836996838620326,136.52980781255567,2697.142050001782,94.97464583116417,0.5311186762083955,0.022753953461725623,0.8401253292896363,0.021582768896881804,2.292089149538088e-10,0.03698817715757707,0.0022029624233858565,4.0134341137576414e-12,0.07782794713087102,0.015453867548478844,0.005818947319946859,0.0,0.6651632239515523,0.0019126124731192982,3.223356433492374e-10,0.07154058679756725,0.0027118451252471074,2.829640874420337e-12,0.2191247357427164,0.023146808590495328,0.016400186994137037,0.0,3.360160304533562,0.08637424341210757,0.14811726048240773,0.008818575711770651,1.6066641121848695e-11,0.30601401041730386,0.06694317315531022,0.023288631182749486,0.0,16.790198854471544,0.04402697534289584,0.47525572138475997,0.19856450180412064,0.13118426029473756,5.487154547979119e-07,3.384482214649644e-05,0.0,0.0,0.0,0.0356423973423562,0.002181658543811382,0.03782405588616758,0.0,559.5409870006495,109.86738520776801,5168.587065270008,38417.54040471341,1163.5423257979292,0.0
60,3.0,-0.3476551728242754,8.2689949864723e-10,0.07679444803535534,98.68060642407646,2698.520281824538,96.37111165941707,0.5587319833076989,0.02273095868158685,0.8407722391460478,0.0227539910505202,2.7552192191938655e-10,0.03502723669162865,0.0021973070224127643,2.6355505242454504e-12,0.07948486341903199,0.014121501567894296,0.005642860824306892,0.0,0.666348811619309,0.0020184431372634905,3.878574150176844e-10,0.06781637302561042,0.002707619607717627,1.8600543812284128e-12,0.22401617390774747,0.021172587003339696,0.015919991309294765,0.0,2.5221246244729487,0.0682875713439888,0.10516937118580928,0.006595275167503488,7.910888304525693e-12,0.23521106338372694,0.04513171859035859,0.016934808709047157,0.0,15.940984274999867,0.04166079118787863,0.44067807611331533,0.1776627770428177,0.11140081814047299,4.060082694326026e-07,2.526320440944734e-05,0.0,0.0,0.0,0.03201370503512864,0.001665700914240683,0.03367940594936932,0.0,559.5409870599615,109.86738520776801,5205.352976160707,38417.54040523796,1163.5423258978349,0.0
61,2.0,-0.40933698196990953,7.172892898192763e-10,0.07468704407262812,62.95677582669652,2700.1266428393187,97.68734584813747,0.5918143859433498,0.022726868293813537,0.8406409875522466,0.024430607065988662,3.585722615293599e-10,0.032926915624593475,0.0022177108084636865,1.462961355813138e-12,0.08203445030517513,0.012369573517626036,0.00537975476587125,0.0,0.6663646998980797,0.0021675611197724534,5.048597956344465e-10,0.06376140673878083,0.0027332539051611385,1.0326789088235663e-12,0.2312434141615217,0.01854923191595848,0.015180431754833393,0.0,1.6811965579429757,0.04887342874308192,0.06589046017962456,0.004436549939546806,2.9267065566125943e-12,0.16264674603374601,0.02574892063487258,0.010761488044051446,0.0,14.847253978711278,0.03916882011721685,0.4013791218457922,0.15078510883671642,0.08841362991781185,2.644654057779486e-07,1.6946087440807108e-05,0.0,0.0,0.0,0.027400667737923802,0.0011411581005712598,0.02854182583849506,0.0,559.540987000778,109.86738520776804,5254.845935509223,38417.54040471524,1163.5423257985706,0.0
62,1.0,-0.5097271947279545,5.691510746864331e-10,0.07137956104051946,29.72429115889196,2702.156132777749,98.90967559782997,0.635861261367416,0.022767208975571107,0.8385595579115119,0.027362533461249464,5.691510746864334e-10,0.03047093133327938,0.0023038953218289444,5.349405149747059e-13,0.08674936006094655,0.009691354726582188,0.004862366614915604,0.0,0.6635369864027504,0.0024233893812133115,7.999290307484604e-10,0.058900959443506845,0.0028344422200895685,3.7693611108370163e-13,0.2441007880691735,0.01450726339923689,0.013696170283723396,0.0,0.8385382425699623,0.027365953396527094,0.030479407202417274,0.0023038953218289444,5.349405149747059e-13,0.08674936006094655,0.009691354726582188,0.004862366614915604,0.0,13.22583150569969,0.03633722977193087,0.351252520040168,0.1117167287432834,0.05948194185262897,1.2581336328005512e-07,8.772766255530742e-06,0.0,0.0,0.0,0.02067674758798158,0.0005993709751899453,0.021276118563171523,0.0,559.5409869939164,109.86738520776804,5333.2592171293945,38417.54040465385,1163.5423257867342,0.0
