,P,FMQ,fo2,F,rho_bulk,rho_melt,Exsol_vol%,Gas_wt,mol_mass,mH2O,mH2,mO2,mCO2,mCO,mCH4,mSO2,mH2S,mS2,mN2,wH2O,wH2,wO2,wCO2,wCO,wCH4,wSO2,wH2S,wS2,wN2,fH2O,fH2,fCO2,fCO,fCH4,fSO2,fH2S,fS2,fN2,mCO2/CO,mCO2/H2O,mCO2/SO2,mH2S/SO2,H2O_melt,H2_melt,CO2_melt,CO_melt,CH4_melt,graph_melt,S2-_melt,S6+_melt,Stot_melt,N_melt,tot_H,tot_C,tot_O_gas,tot_O,tot_S,tot_N
0,568.0510826,0.1999999999999993,3.2238564311504396e-09,0.10067936955613693,2686.8388821379026,2686.839242790049,1.3423914942207626e-05,1e-06,0.04208474990508551,0.062479735583091556,0.000791040613019577,5.072399897399521e-12,0.8939298754940348,0.02874864537461436,8.641377821699621e-10,0.009927995344287512,0.0029787451896115995,0.0011439615321302205,0.0,0.026745791133223326,3.7901004418228196e-05,3.856758331770297e-12,0.9348138445465899,0.019134067176912913,3.2940507907797786e-10,0.015112959197139224,0.0024122338278518007,0.0017432027806026226,0.0,35.169884075390335,0.4822637063804053,591.785841227614,18.795190445748663,5.694602386963324e-07,5.979976824025667,2.078469112165025,0.7201415639143458,0.0,31.094678161197574,14.30751694371691,90.04132702463392,0.3000349100007934,0.5,4.975554596240131e-06,0.0402924370665339,0.0,0.0,0.0,0.08001832778801776,0.036335895634710236,0.116354223422728,0.0,559.5414188446942,109.86737484622272,4733.477162877786,33519.35566914883,1163.5423500013037,0.0
1,568.0,0.20000411115177563,3.2238579127602066e-09,0.10067961498867663,2655.8111788517044,2655.8126323752995,5.933234069436237e-05,4.4711201327725525e-06,0.042084621033832155,0.06248533305706643,0.0007911112994769497,5.072858410764958e-12,0.8939232546816195,0.02874842584426501,8.641299906392184e-10,0.009928831155545655,0.002978992879330861,0.0011440502134927725,0.0,0.026748269160160813,3.790450727791822e-05,3.857118769915763e-12,0.9348097834903659,0.019133979657155607,3.2940311767771996e-10,0.015114277799277251,0.002412441798150242,0.0017433432543519979,0.0,35.16987192444587,0.48226342894318924,591.728241638857,18.793356757294035,5.69403895278583e-07,5.979942461138508,2.078455017700087,0.7201326256912284,0.0,31.094685306393817,14.30612930982091,90.0330804983351,0.30003459950741257,0.49999990156907176,4.967953837847414e-06,0.040289087880516626,0.0,0.0,0.0,0.08001781281523516,0.036336370416500924,0.11635418323173607,0.0,559.5414188449344,109.86737484622272,4733.476995988503,33519.35566914883,1163.5423500014679,0.0
2,558.0,0.19980202659862378,3.216681606190411e-09,0.10068191358359159,2655.422175695545,2655.680738249149,0.01053924995297817,0.0007798561091780985,0.04205849782989145,0.06359569702398161,0.0008071260026252214,5.162348619346306e-12,0.8925697500738782,0.02873045265316963,8.664675105120857e-10,0.01009448763415357,0.003038753777280519,0.0011637319632814374,0.0,0.027240494734644037,3.869583926358924e-05,3.9276001170763864e-12,0.9339741180189871,0.01913389429920645,3.3049932248200823e-10,0.01537599463282012,0.0024623657091109997,0.0017744364315407887,0.0,35.16702640504865,0.48276202343167435,578.8933213781293,18.406215747219733,5.594509695873061e-07,5.959178404308472,2.0780050477957093,0.7183347650362012,0.0,31.067027061803262,14.035065135575048,88.42150116207665,0.30103100696257584,0.4999768505205039,5.040630827566627e-06,0.03954159155474576,0.0,0.0,0.0,0.08000696275248503,0.036338079698857446,0.11634504245134247,0.0,559.5414186420749,109.86737484622272,4733.434694129695,33519.35566758927,1163.5423497619606,0.0
3,548.0,0.19959162047238443,3.2094597766108546e-09,0.10068383950071098,2655.0229023454644,2655.548826076953,0.02140633991312603,0.0015548173133890977,0.042031429867550936,0.06474633607907009,0.0008237315724952759,5.25495948667293e-12,0.8911681411270788,0.028711202415652518,8.687950321046433e-10,0.01026581410810207,0.003100658429065608,0.0011841153944857465,0.0,0.027751218007909143,3.951738848793665e-05,4.000634719114483e-12,0.9331080201297327,0.019133387879424226,3.3160052718784297e-10,0.015647030422973093,0.0025141463941381445,0.0018066794417335769,0.0,35.164150584770205,0.4832653437428133,566.129765044815,18.020632391491116,5.494911790840116e-07,5.938353734271271,2.077566654734143,0.7165368258081738,0.0,31.039039334738543,13.763993379312748,86.80930043568037,0.30203726625231614,0.49995355319459545,5.0476092374143856e-06,0.03879584789754528,0.0,0.0,0.0,0.07999662563213118,0.03633894518294493,0.11633557081507612,0.0,559.5414186691669,109.86737484622272,4733.399252557727,33519.35566779828,1163.5423497944637,0.0
4,538.0,0.19937904166361342,3.2022381407369094e-09,0.1006856721245603,2654.612622299259,2655.4169525844104,0.03269117524296679,0.002329949380111104,0.04200337861953327,0.0659393228714885,0.0008409584234873391,5.350994021678093e-12,0.889715889180778,0.028690352029677544,8.710807064937802e-10,0.010443393870032259,0.003164832276369423,0.0012052504717352346,0.0,0.028281424104008634,4.037076589670568e-05,4.076467015947288e-12,0.9322095677011168,0.0191322616369902,3.3269495676778357e-10,0.015928325725203453,0.0025678950735861456,0.001840154656426527,0.0,35.16116389449392,0.4837688702533707,553.4294913893079,17.63621937101148,5.394980501649416e-07,5.9175529097834065,2.0771202038507584,0.7147387189198313,0.0,31.010978473197135,13.492948523520283,85.19413327250386,0.30304633874348424,0.4999293568313497,5.054593094879208e-06,0.038051361090020636,0.0,0.0,0.0,0.07998622874070369,0.036339513446530136,0.11632574218723382,0.0,559.5414186912357,109.86737484622272,4733.365527991846,33519.35566796854,1163.5423498209393,0.0
5,528.0,0.19916416725867592,3.1950158660572225e-09,0.10068740586473786,2654.190648874361,2655.2851225677623,0.04442002402844751,0.0031053793240623483,0.041974288486452495,0.06717705032700044,0.0008588418143593242,5.450645226523805e-12,0.8882101414588772,0.028667808315774614,8.733212499718823e-10,0.010627575919232014,0.0032314018469248107,0.0012271794390596902,0.0,0.028832254574264183,4.125784371623314e-05,4.155260583649519e-12,0.9312768752030408,0.019130477410352023,3.3378186165551873e-10,0.0162204750270929,0.0026237256794089023,0.0018749339241878654,0.0,35.1580593926486,0.48427257503995136,540.7923165669881,17.252975673697467,5.294715304984539e-07,5.896773374354924,2.076665178472996,0.7129401907920802,0.0,30.98284081138267,13.221928279602942,83.57598649110027,0.3040582228236223,0.49990420509261124,5.0615819201503894e-06,0.03730809303294121,0.0,0.0,0.0,0.07997576785704136,0.0363397664202444,0.11631553427728575,0.0,559.5414187108472,109.86737484622272,4733.333623296414,33519.35566811975,1163.5423498444138,0.0
6,518.0,0.19894686383619842,3.187792050942581e-09,0.10068903465324887,2653.7562372362354,2655.153341181887,0.05662137513570193,0.003881243159583776,0.04194409959443622,0.0684620950273507,0.000877419721975441,5.554120874821751e-12,0.8866478266423065,0.028643470984997605,8.755131224135395e-10,0.010818735704908185,0.0033005032743161273,0.0012499477630782587,0.0,0.02940494189242135,4.218064386882115e-05,4.237191995243619e-12,0.9303079075224832,0.0191279940300186,3.348604309575476e-10,0.01652411965338824,0.0026817611325359284,0.0019110947861863666,0.0,35.154829550274854,0.4847764277789197,528.2180585046588,16.87090033567837,5.194115695740566e-07,5.876012371035805,2.076201018627346,0.7111409672466352,0.0,30.954622332841573,12.950930384004307,81.95484674240234,0.3050729183465285,0.4998780368685629,5.068575299298204e-06,0.03656600414616037,0.0,0.0,0.0,0.079965238417359,0.036339684506693753,0.11630492292405276,0.0,559.5414187282389,109.86737484622272,4733.3036501060315,33519.35566825379,1163.5423498651899,0.0
7,508.0,0.1987269863280403,3.1805657171801143e-09,0.10069055189276638,2653.3085781443747,2655.0216139771333,0.06932617690090499,0.004657686807854106,0.04191274737654637,0.06979723516304168,0.0008967331083480676,5.661644950949811e-12,0.8850256335466927,0.02861723194661672,8.776525023249185e-10,0.011017277677705538,0.003372283228393676,0.001273604445887412,0.0,0.03000081868628993,4.314135323624394e-05,4.322452136789057e-12,0.9293004648358758,0.019124767015308432,3.3592978627848857e-10,0.016839952469542716,0.002742134248570173,0.0019487210509245767,0.0,35.151466188289604,0.48528039549749713,515.7065370011113,16.48999244496363,5.093181188679619e-07,5.855266920874249,2.075727116447949,0.7093407513082799,0.0,30.926318631992118,12.679952600978133,80.33070050849517,0.30609042696797933,0.49985078576759245,5.075572781636345e-06,0.035825053268620705,0.0,0.0,0.0,0.07995463547976214,0.036339246416475526,0.11629388189623767,0.0,559.5414187436534,109.86737484622272,4733.275729795699,33519.35566837251,1163.5423498835573,0.0
8,498.0,0.19850429238652367,3.173335185239107e-09,0.10069194656525332,2652.846836494719,2654.8899433401207,0.0825661218247969,0.005434740306753386,0.04188019265245729,0.07118547359177173,0.0009168263469291634,5.7734581395742205e-12,0.8833431344138877,0.028589079166008093,8.797388080840938e-10,0.01122363741444392,0.0034436454704309645,0.0012982027110161535,0.0,0.030621307053923685,4.4142314752210066e-05,4.411243612217907e-12,0.9282547956881713,0.01912080426642493,3.36990088508129e-10,0.017168709527157915,0.0028023383037951498,0.001987902504373534,0.0,35.14796186764173,0.485784509658461,503.25936684323244,16.11031010742098,4.99193145938797e-07,5.834533420359416,2.075243367279368,0.7075394038135322,0.0,30.897921870256212,12.409036420542865,78.70381960816874,0.3068208053477627,0.49982239137841944,5.08257477799442e-06,0.03508530430068364,0.0,0.0,0.0,0.0799439717908115,0.03633842614735984,0.11628239793817134,0.0,559.5414187568965,109.86737484622272,4733.250065086621,33519.35566847444,1163.5423498993985,0.0
9,488.0,0.19827828162203787,3.1660969103915027e-09,0.1006931959261522,2652.370201532525,2654.758324453385,0.0963714591526923,0.006212179319476701,0.04184645431396205,0.07263006586187842,0.0009377478117353659,5.889817358784907e-12,0.8816061866153909,0.02855921255259,8.817789402786765e-10,0.011438283342378897,0.0035047018526511223,0.0013238010757064928,0.0,0.031267905354734365,4.518601918806541e-05,4.503776742618895e-12,0.9271764622816505,0.019116228904784396,3.380439007636755e-10,0.01751115855340225,0.0028543236275128895,0.002028734916179794,0.0,35.144312310835296,0.4862889900070198,490.8816636551538,15.732028146465623,4.89042777263071e-07,5.813806908286718,2.0747511982358318,0.7057372830739352,0.0,30.869415079003613,12.138309061869133,77.07504353813614,0.3064010348184141,0.49979281889244015,5.089584228142789e-06,0.03434702995508617,0.0,0.0,0.0,0.07993331191488241,0.0363371874165872,0.11627049933146962,0.0,559.5414187677163,109.86737484622272,4733.2270744888665,33519.35566855766,1163.5423499126475,0.0
10,478.0,0.19804904857790717,3.1588517083965105e-09,0.10069430426648193,2651.8774518513414,2654.626778368748,0.11078982942017293,0.006990683826185454,0.041811330412864424,0.07413451592141286,0.000959548960157052,6.0110092702571675e-12,0.8797982209245161,0.028527085870652735,8.837543851728806e-10,0.011661727780447337,0.0035684392977768787,0.0013504603552716651,0.0,0.031942395728641784,4.627536373885328e-05,4.600310048443824e-12,0.9260523265211472,0.019110765432609176,3.390858311404938e-10,0.017868233055582407,0.002908674521808559,0.0020713290327859413,0.0,35.140501840150996,0.4867935658027551,478.56602205686045,15.354909048446755,4.788589956216912e-07,5.793084863586997,2.0742479468630273,0.7039333902977624,0.0,30.84080248903409,11.867592443136154,75.44321368910975,0.30599576366033093,0.49976194110588373,5.096597516536135e-06,0.03360975466179906,0.0,0.0,0.0,0.07992258879129818,0.036335512182351745,0.11625810097364994,0.0,559.5414187786691,109.86737484622272,4733.206679026069,33519.35566864186,1163.542349925901,0.0
11,468.0,0.1978163803984394,3.1515981578387527e-09,0.1006952619084758,2651.3674418028895,2654.495312640136,0.12586502279341563,0.0077704495120556275,0.041774732545192886,0.07570263624947708,0.0009822861071119762,6.13734069144759e-12,0.8779147225449714,0.028492552139912083,8.856599482623513e-10,0.011894523262796901,0.003635031086668779,0.001378247717264532,0.0,0.03264662885147341,4.741339048042595e-05,4.701108190340572e-12,0.9248793619455241,0.019104352944229398,3.4011467828376896e-10,0.018240891394787736,0.0029655500038691207,0.002115801124820016,0.0,35.13651896371628,0.4872981955684538,466.3122686595406,14.978952025174218,4.6864175409863e-07,5.772363124014281,2.0737327975008935,0.7021273219949918,0.0,30.812077424092774,11.596884415647224,73.80831523453062,0.30560544599868483,0.4997296647060512,5.103614046475925e-06,0.03287342967346074,0.0,0.0,0.0,0.07991179695673108,0.03633337008686829,0.11624516704359937,0.0,559.5414187882731,109.86737484622272,4733.189056746316,33519.35566871562,1163.542349937416,0.0
12,458.0,0.1975800436439119,3.144334702376249e-09,0.10069605823921154,2650.8389150488256,2654.3639354851844,0.14164505497480281,0.008551688490003487,0.04173656462340674,0.07733856987734268,0.0010060204769330768,6.269144943932462e-12,0.8759507856875813,0.02845545168798769,8.874899792624241e-10,0.01213726953500938,0.0037046657282934913,0.0014072361130932727,0.0,0.03338262273647974,4.8603417842162504e-05,4.806459684499343e-12,0.9236542693573269,0.019096925070797684,3.411291303149736e-10,0.01863017752066882,0.003025123635961039,0.0021622779149882325,0.0,35.13235107973823,0.48780283370001476,454.1202324959649,14.604156357980743,4.583910082087079e-07,5.751637145110199,2.0732048558424974,0.7003186367099452,0.0,30.783232516999863,11.3261828745582,72.17033313472547,0.30523057246175167,0.49969588735830794,5.110633190920707e-06,0.032138004000640104,0.0,0.0,0.0,0.07990093042256512,0.03633072785647939,0.11623165827904451,0.0,559.5414187966884,109.86737484622272,4733.174402920573,33519.35566878022,1163.5423499474093,0.0
13,448.0,0.197339781771797,3.1370596343104486e-09,0.10069668159626417,2650.290490931582,2654.232655864473,0.15818268723931747,0.009334631216428146,0.041696722023883415,0.07904682697452974,0.0010308187501297807,6.40678477505251e-12,0.8739010703558463,0.028415610748695645,8.892383216653317e-10,0.012390618699017185,0.003777548662923791,0.0014375049132124614,0.0,0.03415258207208771,4.984907270579024e-05,4.916679650321747e-12,0.9223734454184715,0.01908840935208632,3.4212775208432215e-10,0.01903723073855597,0.0030875852207644535,0.0022108977782836583,0.0,35.12798433959799,0.4883074299411114,441.9897452185798,14.23052140423991,4.481067161028028e-07,5.730901953586542,2.0726631391941237,0.6985068503603143,0.0,30.7542596245608,11.05548576462699,70.52925213695451,0.30487167385946784,0.49966049659203804,5.117654258228819e-06,0.03140342424115928,0.0,0.0,0.0,0.07988998260826749,0.03632754894612145,0.11621753155438894,0.0,559.5414188040476,109.86737484622272,4733.162932134705,33519.35566883667,1163.5423499560636,0.0
14,438.0,0.19709531260602198,3.129771078339041e-09,0.10069711915284915,2649.7206488505317,2654.101483631435,0.17553602479087055,0.010119528677010374,0.04165509062524934,0.0808323261483759,0.0010567536811358256,6.550655679738698e-12,0.8717597535558139,0.028372839867586826,8.90898248702259e-10,0.012655281043354592,0.0038539041812672772,0.0014691406250167802,0.0,0.03495892018853569,5.1154326893977875e-05,5.032112949905937e-12,0.9210329469517253,0.01907872651448196,3.431089679623146e-10,0.019463296839254126,0.003153142724256937,0.002261812106710838,0.0,35.123403381184325,0.48881192705220483,429.92064146437986,13.858046603418456,4.3778883548459974e-07,5.710152093265812,2.0721065560315175,0.6966914295850477,0.0,30.725149742649258,10.784791123734466,68.88505680508638,0.30452932400825655,0.4996233676339908,5.124676460611334e-06,0.030669634400803725,0.0,0.0,0.0,0.07987894615680176,0.03632379312971864,0.11620273928652039,0.0,559.5414178175461,109.86737484622273,4733.1548728300895,33519.35566131187,1163.5423488722756,0.0
15,428.0,0.19684632349465936,3.1224669589639794e-09,0.10069735669795471,2649.127709878093,2653.9704293913933,0.19376920883844823,0.010906654955202103,0.04161154567680567,0.08270044280429233,0.0010839048221109046,6.701189652500738e-12,0.8695204722712426,0.028326932101222398,8.92462426138631e-10,0.012932031675091717,0.003933977702998826,0.0015022377238775864,0.0,0.03580428482073349,5.252353998766924e-05,5.153137764165395e-12,0.9196284493164458,0.019067789670949763,3.440710562047082e-10,0.019909740850807513,0.0032220245568361887,0.002315186895015265,0.0,35.118591601728795,0.4893162672791619,417.91275854373214,13.486731491247413,4.274373377260711e-07,5.689381565662934,2.071533931469526,0.6948717909503074,0.0,30.6958928402176,10.514096935719342,67.23773140349007,0.30420414996168227,0.49958436561335595,5.131699000509828e-06,0.029936575651671717,0.0,0.0,0.0,0.07986781329246895,0.03631941603548404,0.11618722932795297,0.0,559.541417983372,109.86737484622272,4733.150502873949,33519.35566258176,1163.5423490629971,0.0
16,418.0,0.1965924697880137,3.1151449922302722e-09,0.1006973785674211,2648.5098161779624,2653.839505006724,0.21295321638501183,0.011696310081601238,0.04156595058202411,0.08465706156798576,0.0011123593087516573,6.85885953067571e-12,0.8671762614695677,0.028277660929821015,8.939227939556995e-10,0.013221718062878049,0.004018038189645827,0.0015368995705683029,0.0,0.03669158642516566,5.396150644361415e-05,5.280169736936117e-12,0.9181552002241372,0.019055503346359633,3.4501211258804235e-10,0.020378061605137943,0.003294482032992598,0.0023712045094710222,0.0,35.11353023633035,0.4898203803298233,405.9659376400467,13.11657570061706,4.1705218641272504e-07,5.66858375475593,2.0709439321559424,0.6930472853318832,0.0,30.666477811644675,10.243401382094538,65.58726009324725,0.30389682872811136,0.49954333808550816,5.1387209093907185e-06,0.029204186158427976,0.0,0.0,0.0,0.07985657501727776,0.036314368590281386,0.11617094360755915,0.0,559.5414181277215,109.8673748462227,4733.150101543966,33519.35566368625,1163.5423492272337,0.0
17,408.0,0.1963333687277995,3.1078026448124244e-09,0.10069716736653958,2647.8649062915583,2653.7087234700753,0.23316679289838083,0.012488823458081218,0.041518155423738955,0.08670863931088026,0.0011422128053824325,7.024183902333379e-12,0.8647194798003915,0.028224777899959128,8.952705114166339e-10,0.013525268672713078,0.0041063811151460195,0.0015732394932328792,0.0,0.037624032177290816,5.547351218441305e-05,5.413666709419143e-12,0.9166079648258176,0.019041762414223586,3.4593004031169787e-10,0.020869908558113028,0.003370792382060852,0.0024300657789661185,0.0,35.10819860756677,0.49032419020777196,394.08002353648664,12.747578979164329,4.06633352912722e-07,5.647751346876877,2.070335090597755,0.6912171954864852,0.0,30.63689226768526,9.972702681910105,63.93362680809021,0.3036080993666728,0.4995001170458617,5.145741138272331e-06,0.028472400787743657,0.0,0.0,0.0,0.07984522147601145,0.036308596395767556,0.116153817871779,0.0,559.5414182527733,109.86737484622273,4733.15398894788,33519.35566464224,1163.5423493679427,0.0
18,398.0,0.19606859463515747,3.100437103033251e-09,0.1006967037517587,2647.1906866926697,2653.5780991381125,0.2544975400994171,0.013284557775160025,0.041467995311706286,0.08886227599235488,0.0011735705687424159,7.1977327759671186e-12,0.8621417259924993,0.02816800989875527,8.964958509965253e-10,0.013843702857451913,0.004199331774777103,0.001611382011725617,0.0,0.03860516457104035,5.706539891848072e-05,5.5541342141176126e-12,0.9149809631466768,0.01902645083598714,3.46822521356651e-10,0.02138710117170444,0.003451262141335393,0.002491992381960934,0.0,35.10257370976414,0.4908276120500705,382.2548651895399,12.37974120081247,3.9618081276680535e-07,5.626876233271598,2.069705773765735,0.6893807247807618,0.0,30.607122373618484,9.701999148285063,62.27681530512033,0.3033387683929267,0.4994545155491888,5.1527585153353094e-06,0.027741150838095245,0.0,0.0,0.0,0.07983374168565813,0.03630203898859078,0.1161357806742489,0.0,559.5414183605678,109.8673748462227,4733.162521064781,33519.35566546555,1163.542349487849,0.0
19,388.0,0.19579767278266935,3.0930452330508566e-09,0.10069596615268803,2646.484598347375,2653.447647923186,0.2770431915832097,0.01408391360134559,0.04141528846771613,0.091125796665746,0.0012065486807224669,7.380134104949015e-12,0.8594337421255214,0.028107056015973887,8.975880852526717e-10,0.014178142229357527,0.004297249127020257,0.0016514642506903258,0.0,0.039638906377198795,5.874363912025517e-05,5.702131843933174e-12,0.9132677973149204,0.019009440205317623,3.476869868693699e-10,0.021931651372201676,0.00353623111770054,0.0025572296201516946,0.0,35.09662987327335,0.4913305507994297,370.490316208725,12.013062381159457,3.856945461481232e-07,5.605949396995812,2.0690541590899962,0.6875369858001688,0.0,30.577152642279056,9.431289202090245,60.616809185759315,0.3030897177856131,0.49940632497490633,5.159771727407984e-06,0.027010363728346275,0.0,0.0,0.0,0.07982212336659349,0.03629462897771673,0.11611675234431021,0.0,559.5414184528775,109.8673748462227,4733.176094862709,33519.35566616986,1163.5423495893274,0.0
20,378.0,0.1955200721896908,3.085623534086754e-09,0.10069493044530445,2645.7437773378933,2653.3173875185867,0.3009131148179125,0.014887334766665785,0.0413598340094997,0.0935078463433387,0.0012412754761307757,7.572081329327896e-12,0.8565853017665614,0.028041583915018382,8.985353559381546e-10,0.014529823778440925,0.004400530242752665,0.0016936375716497156,0.0,0.04072961302710508,6.051542347813141e-05,5.858280668758138e-12,0.9114613668284278,0.018990588053077087,3.4852058265821387e-10,0.02250578965968494,0.003626077007590935,0.0026260496462570324,0.0,35.09033836914487,0.49183289963145105,358.7862354204688,11.647542695517627,3.751745383981453e-07,5.5849607800114605,2.068378206167562,0.685684986945164,0.0,30.546965690757414,9.160571388002914,58.95359192432508,0.30286191421551084,0.4993553118062026,5.16677929820201e-06,0.02627996265068936,0.0,0.0,0.0,0.07981035274258264,0.036286291030753905,0.11609664377333655,0.0,559.541418531404,109.8673748462227,4733.195154317648,33519.35566676842,1163.54234967462,0.0
21,368.0,0.19523519711401427,3.0781680832354773e-09,0.10069356956608475,2644.9650082863723,2653.1873376644708,0.32623008771366874,0.015695314706795294,0.041301409376757435,0.09601800013158561,0.0012778932024359881,7.774342124547149e-12,0.8535850801408821,0.02797122562091007,8.993245220202838e-10,0.014900115056096716,0.004509615476379671,0.0017380694646110034,0.0,0.04188213389114996,6.238876329585985e-05,6.023271905945068e-12,0.9095537695040623,0.01896973586584574,3.4932012883389635e-10,0.023111995579210204,0.0037212208061628304,0.0026987552349298184,0.0,35.083666941421185,0.49233453808163025,347.1424875340487,11.283182500167063,3.646207806530903e-07,5.563899126321154,2.0676756232568865,0.6838236165872728,0.0,30.51654195312697,8.889844393458585,57.28714690640047,0.3026564197257296,0.49930121381860865,5.173779562400427e-06,0.025549866182872534,0.0,0.0,0.0,0.07979841430265572,0.03627694067754746,0.11607535498020319,0.0,559.5414185976421,109.86737484622273,4733.220197517935,33519.35566727276,1163.5423497456763,0.0
22,358.0,0.19494237695698402,3.0706744700392273e-09,0.10069185305425699,2644.14466899805,2653.0575204633637,0.35313241002457485,0.01650840397543822,0.041239767330120046,0.0986668915780758,0.001316559956658174,7.987768588030786e-12,0.8504205028850302,0.02789557261317872,8.999409825360942e-10,0.015290531811825978,0.0046249944988484915,0.0017849457484538723,0.0,0.04310188426331026,6.437261091593591e-05,6.197877098787588e-12,0.9075361852098451,0.018946706759951134,3.5008207240274137e-10,0.023753033426331064,0.003822133167099437,0.0027756842062671653,0.0,35.07657925121147,0.4928353298042866,335.55894393185474,10.919982357516837,3.540332705815198e-07,5.542751795962446,2.066943827411256,0.6819516242526368,0.0,30.485859339674054,8.619107071109934,55.617457479621436,0.3024744041454095,0.49924373554862295,5.180770634662005e-06,0.02481998785376286,0.0,0.0,0.0,0.07978629051617067,0.036266482891564276,0.11605277340773494,0.0,559.5414186529518,109.86737484622272,4733.251785094444,33519.35566769343,1163.5423498042849,0.0
23,348.0,0.19464085422656296,3.0631377185469402e-09,0.10068974650608432,2643.2786643345844,2652.9279607563703,0.3817764254216395,0.017327219185738527,0.04117463243817005,0.10146636283591316,0.0013574519549064024,8.213309146355121e-12,0.8470775691539033,0.027814170086350305,9.003684692925641e-10,0.015702758555818926,0.004747213364227904,0.001834473140298194,0.0,0.04439493029635434,6.647700197405622e-05,6.3829601176658065e-12,0.9053987387904304,0.018921302739146096,3.5080243133478014e-10,0.024431994264403005,0.003929341913218011,0.0028572146372887386,0.0,35.06903421251483,0.49333511987605927,324.03548361202996,10.55794306605276,3.4341201325732795e-07,5.521504543356646,2.0661798967969838,0.6800675981624832,0.0,30.454892830672783,8.348358465590799,53.94450702039256,0.30231715958396005,0.4991825428786479,5.187750372337296e-06,0.024090235655268362,0.0,0.0,0.0,0.07977396148998382,0.036254810399474965,0.11602877188945879,0.0,559.5414186985928,109.8673748462227,4733.290550271032,33519.355668040174,1163.5423498520545,0.0
24,338.0,0.194329770109114,3.0555521939795034e-09,0.1006872109208521,2642.3623467972157,2652.7986865742423,0.4123395503212557,0.01815245371042433,0.041105696947850705,0.10442964108880873,0.0014007662031271905,8.452022530879633e-12,0.8435406438741854,0.027726510208900327,9.005888032582991e-10,0.01613867262655909,0.004876882821603367,0.0018868822677751203,0.0,0.045768089685990915,6.871322424161821e-05,6.5794913757143434e-12,0.9031303377164136,0.018893301446453792,3.514767282647105e-10,0.02515234559153767,0.004043440947564722,0.0029437710297415473,0.0,35.06098519443556,0.493833731532719,312.5719943190202,10.197065696183095,3.3275702219948724e-07,5.500141251799637,2.065380513353804,0.6781699382824534,0.0,30.423613989596326,8.077597845585087,52.26827902103842,0.3021861174367946,0.4991172565309178,5.1947163303625896e-06,0.02336051149239679,0.0,0.0,0.0,0.07976140455361189,0.036241801656336906,0.11600320620994879,0.0,559.5414187356997,109.86737484622273,4733.337210909573,33519.35566832177,1163.5423498904404,0.0
25,328.0,0.19400814707828395,3.047911490343726e-09,0.10068420191270257,2641.3904206035318,2652.6697296813136,0.4450239320793808,0.018984890560556335,0.041032615908446875,0.10757154674260382,0.0014467236542544631,8.705094252198846e-12,0.8397922126958546,0.027632024171197304,9.005816070185033e-10,0.01660037247647353,0.005014688134880471,0.0019424312154490467,0.0,0.04722905161408825,7.109401903470106e-05,6.788564750021661e-12,0.9007184788584235,0.018862452298058944,3.5209991151502965e-10,0.025917990328259307,0.004165100878374734,0.003035831644872149,0.0,35.0523790574465,0.49433096219615497,301.16837390728864,9.837351633394366,3.2206832061846573e-07,5.478643613653144,2.0645418934425623,0.6762568237995761,0.0,30.39199037655829,7.806824742469321,50.588757203251284,0.3020828684408988,0.4990474442058762,5.201665706358877e-06,0.02263071056172997,0.0,0.0,0.0,0.07974859375416497,0.03622731840679369,0.11597591216095865,0.0,559.5414187653481,109.86737484622273,4733.392584027526,33519.35566854651,1163.5423499207755,0.0
26,318.0,0.19367486780762988,3.0402082943089172e-09,0.10068066875515089,2640.3568251222728,2652.541126235481,0.4800608942027227,0.0198254179816505,0.04095500138720225,0.11090874024476714,0.0014955729582486316,8.973856108830086e-12,0.8358125916115043,0.027530072761537766,9.003239637811544e-10,0.017090211057997386,0.005161400738013592,0.0020014097186333625,0.0,0.048786520382858696,7.363382275344979e-05,7.011417827590711e-12,0.8981490173266308,0.018828471857869622,3.52666260523495e-10,0.02673333722604779,0.004295081753778674,0.0031339372703834134,0.0,35.04315498206157,0.4948265786053036,289.8245319964331,9.478802630538265,3.113459429205036e-07,5.456990742855145,2.0636597034454236,0.6743261736383768,0.0,30.359984837352744,7.536038997169471,48.90592566558064,0.30200918645754865,0.49897261102430196,5.208595273369948e-06,0.02190072064679126,0.0,0.0,0.0,0.07973549923743438,0.036211202730312496,0.11594670196774688,0.0,559.5414187885352,109.86737484622273,4733.457603397769,33519.355668722106,1163.5423499442834,0.0
27,308.0,0.19332864943929096,3.0324342192994655e-09,0.10067655321543591,2639.2545923052808,2652.4129175942353,0.5177163729291935,0.020675048464161638,0.04087241557331044,0.11446001613562701,0.0015475949389868978,9.259809400231535e-12,0.8315795811825261,0.027419935143320424,8.997900110014951e-10,0.017610835407912338,0.005317892136640237,0.0020641441459371994,0.0,0.05045038837475358,7.634905819001564e-05,7.249456262370105e-12,0.89540588841415,0.018791038273241766,3.531692719653549e-10,0.027603385353669588,0.004434248409827963,0.0032387017557482484,0.0,35.03324303596983,0.4953203108075805,278.54039199307516,9.121420871603185,3.0058993653647663e-07,5.435158702473996,2.062728956379427,0.6723755982186012,0.0,30.327554636288088,7.2652408173450125,47.21976907517444,0.3019670568410952,0.4988921878315947,5.215501296886516e-06,0.021170421316594076,0.0,0.0,0.0,0.07972208648420027,0.03619327343881291,0.11591535992301319,0.0,559.541418806206,109.86737484622272,4733.53334102159,33519.3556688558,1163.5423499620697,0.0
28,298.0,0.1929680119735,3.0245796019349593e-09,0.10067178812287628,2638.075671107247,2652.285151305971,0.5582976123569333,0.021534942077808886,0.04078436251348181,0.11824665518897477,0.0016031079676674257,9.564652688060407e-12,0.82706805268707,0.02730079542103327,8.989504535549984e-10,0.018165233803629863,0.005485150575117835,0.0021310034479917425,0.0,0.05223194555483495,7.925848797896617e-05,7.504283249089306e-12,0.89247077118588,0.018749784542296154,3.536015218182919e-10,0.028533826045810944,0.0045835890770813655,0.003350824745011897,0.0,35.022562409052725,0.49581184468867734,267.31589357803426,8.765209050044959,2.898003641620531e-07,5.413119924814275,2.061743884361456,0.6704023401076664,0.0,30.294650391390224,6.99443084766583,45.530272917368194,0.30195871049134343,0.4988055167862405,5.222379431720974e-06,0.020439683011012646,0.0,0.0,0.0,0.07970831536088037,0.03617332165531467,0.11588163701619504,0.0,559.5414188192779,109.86737484622272,4733.621033503771,33519.355668954646,1163.542349975196,0.0
29,288.0,0.19259123915391996,3.016633250483637e-09,0.10066629559781122,2636.8107096437748,2652.157882338341,0.6021614706744745,0.02240643532751321,0.04069027815240815,0.12229284843721357,0.0016624744491470376,9.890315175495781e-12,0.8222494500888679,0.027171726471572195,8.97771977299803e-10,0.018756792220235532,0.005664301128778106,0.002202406296523429,0.0,0.0541441348309775,8.238364620423942e-05,7.77773541021922e-12,0.8893226789491585,0.01870429031698181,3.539544972360852e-10,0.029531166657006728,0.004744238078950717,0.0034711071589882594,0.0,35.0110192231279,0.4963008126109376,256.1509957887044,8.410170465733579,2.789773065240622e-07,5.390842494522036,2.060697780099312,0.6684032004752738,0.0,30.261214757521124,6.7236102568256015,43.837423821424764,0.301986665004864,0.49871183346922615,5.229224592817237e-06,0.019708365993404153,0.0,0.0,0.0,0.07969413892997534,0.0361511053484631,0.11584524427843845,0.0,559.5414188286012,109.86737484622273,4733.722114682893,33519.35566902513,1163.5423499845695,0.0
30,278.0,0.19219632960796318,3.0085821310566857e-09,0.10065998483988757,2635.448782741557,2652.031174596806,0.6497248074602743,0.02329107712818445,0.04058951825671117,0.1266262108399035,0.0017261087009788432,1.0238997068331262e-11,0.8170911871302234,0.027031670370306668,8.962165402019674e-10,0.01938936227887354,0.0058566300732210115,0.0022788297000374317,0.0,0.05620186544694249,8.57493691509448e-05,8.071926779666728e-12,0.8859374573646707,0.018654071857926925,3.5421839094660467e-10,0.030602881741665353,0.004917503712841784,0.0036004701445116836,0.0,34.99850382141089,0.4967867820421727,245.04568083489696,8.056309145544292,2.68120866337678e-07,5.3682892559304465,2.059582800767407,0.6663744475982806,0.0,30.227180782278595,6.452780839847534,42.14120997782986,0.3020537751054525,0.49861024473327914,5.236030798246693e-06,0.018976319144717493,0.0,0.0,0.0,0.07967950197607662,0.03612634252683114,0.11580584450290776,0.0,559.5414191015424,109.86737484622272,4733.838258429762,33519.35567111861,1163.5423503113216,0.0
31,268.0,0.19178093588470801,3.0004109769285177e-09,0.10065274936941007,2633.9770484048872,2651.905102927628,0.70147758379671,0.024190674013523844,0.04048134369975312,0.13127840668288668,0.0017944865753020604,1.0613218686585952e-11,0.8115559137852362,0.02687941455737083,8.942404983641631e-10,0.020067343465922108,0.006063614575364495,0.0023608194530639645,0.0,0.058422400004486445,8.938445218806165e-05,8.389303097920577e-12,0.8822871654813464,0.018598569634387017,3.5438184318705245e-10,0.03175759895390974,0.00510490269893162,0.0037399784119793267,0.0,34.984887183271624,0.4972692384205647,233.9999591036371,7.703629997169979,2.572311703600532e-07,5.345416689447469,2.0583897060923406,0.6643116995659536,0.0,30.19246985655395,6.181945182695684,40.44162174048605,0.30216329259832436,0.4984996994007997,5.242790933565504e-06,0.018243378585624,0.0,0.0,0.0,0.079664338959242,0.03609870267802781,0.11576304163726983,0.0,559.5414189941185,109.8673748462227,4733.971420449833,33519.35567029735,1163.5423501865375,0.0
32,258.0,0.19134228600393044,2.9921017860429027e-09,0.10064446347821521,2632.380310244665,2651.7797554594285,0.7579995397198874,0.025107347561048272,0.0403649023555005,0.13628591809814497,0.0018681573220702449,1.1015880568110402e-11,0.8056006156941093,0.026713562604600585,8.917935553725711e-10,0.020795783224578236,0.006286959243321987,0.0024490029103652576,0.0,0.0608258370841959,9.33224708695256e-05,8.732709323024456e-12,0.8783393053732631,0.01853713291119009,3.5443162939089636e-10,0.03300532937276359,0.005308203192205905,0.003890869232347399,0.0,34.97001673907915,0.49774756913222834,223.01387507133904,7.352139000007327,2.463083787465284e-07,5.322173492838166,2.0571075564864154,0.6622097798770363,0.0,30.15698907772674,5.911106788846401,38.73865230245243,0.30231894492396516,0.49837895402078225,5.249496529817357e-06,0.017509366053288934,0.0,0.0,0.0,0.07964857176232253,0.03606779594963713,0.11571636771195966,0.0,559.5414189253175,109.86737484622272,4734.123918827641,33519.35566976989,1163.5423501041134,0.0
33,248.0,0.19087708424268435,2.983633187387496e-09,0.1006349777430676,2630.6404551660803,2651.6552368501016,0.819981633837978,0.026043607940419357,0.04023920674611627,0.1416909928952511,0.0019477582754148326,1.1450337586506695e-11,0.7991755043965371,0.02653249814506775,8.888174381502466e-10,0.021580499501141923,0.006528641219609133,0.002544104666710485,0.0,0.06343571647898666,9.760281337865912e-05,9.105474287175744e-12,0.8740558575781069,0.018469000419967047,3.54352257525592e-10,0.03435775492951764,0.00552947873382289,0.004054588682762498,0.0,34.953710546563606,0.49822103558817776,212.08751542192525,7.001843455129569,2.353526891450849e-07,5.298498760201246,2.0557232865851844,0.6600625266608692,0.0,30.120627919278665,5.640270338054227,37.032298735914296,0.3025250281747961,0.498246525224581,5.25613737979286e-06,0.016774087049043148,0.0,0.0,0.0,0.07963210631158958,0.0360331592764545,0.11566526558804409,0.0,559.5414188840223,109.86737484622273,4734.298505285454,33519.355669452096,1163.5423500527932,0.0
34,238.0,0.1903813819088782,2.974979616914392e-09,0.10062411318387439,2628.735722332745,2651.5316723633327,0.888253909066263,0.02700244925749195,0.0401031061624958,0.14754282508736583,0.0020340332224183483,1.1920490959994324e-11,0.7922226366352185,0.02633434000782832,8.852442626802237e-10,0.022428231771431547,0.006790966413133022,0.002646965965439665,0.0,0.06627978628811775,0.00010227199292407893,9.511517750896519e-12,0.8693920611965839,0.01839327592392574,3.541254641598979e-10,0.03582859015300812,0.005771176688215246,0.004232837393588103,0.0,34.93574997895741,0.49868874060034796,201.22101927776362,6.652752306828138,2.2436434672561326e-07,5.274319630789278,2.0542211716694743,0.6578625483310897,0.0,30.08325389585299,5.3694419648404645,35.322563308103916,0.30278652737052436,0.49810062985591563,5.262701088350951e-06,0.016037328662103896,0.0,0.0,0.0,0.0796148283887781,0.0359942384641256,0.1156090668529037,0.0,559.5414188611392,109.86737484622272,4734.498476180563,33519.35566927529,1163.542350023474,0.0
35,228.0,0.18985040829015354,2.9661102419696205e-09,0.10061165362482317,2626.639741779558,2651.4092132604364,0.9638221379721562,0.027987474570827085,0.03995525164257961,0.15389903567741278,0.0021278555538925877,1.2430903376856725e-11,0.7846741845421317,0.0261168859858803,8.809944785666613e-10,0.023346828382413826,0.007076640086289222,0.0027585688785541997,0.0,0.06939098380008549,0.00010738533140150688,9.955487066722968e-12,0.8642948574951687,0.018308897030535034,3.5372956848916446e-10,0.0374340413997382,0.006036205796961952,0.004427628782424038,0.0,34.91587004337144,0.499149583833971,190.4145917138273,6.30487656536805,2.133436562039791e-07,5.249548213967674,2.052582118803354,0.6556009021128351,0.0,30.044706898301502,5.098629637854811,33.609455284007375,0.3031092690782682,0.4979391056527941,5.2691724592640435e-06,0.01529885703205483,0.0,0.0,0.0,0.07959659798057747,0.03595036476214428,0.11554696274272175,0.0,559.5414188496417,109.86737484622272,4734.727813342327,33519.35566918632,1163.54235000879,0.0
36,218.0,0.18927834647420205,2.9569875384192206e-09,0.10059733556909863,2624.320253636417,2651.2880439803544,1.047916639191115,0.029003061961681155,0.03979405158606256,0.1608275462106329,0.002230257715119297,1.2986944223649443e-11,0.7764502500029913,0.025877541761706167,8.759742659822023e-10,0.024345480537896105,0.007388856223312776,0.002880066659380252,0.0,0.07280870283920167,0.00011300914276197019,1.0442933409908469e-11,0.8587008840656662,0.0182145949861871,3.5313863760837386e-10,0.039193395342280855,0.006328049350274571,0.0046413639100459,0.0,34.893746478092716,0.4996022015103136,179.6685217402809,5.958229869257411,2.0229099785067266e-07,5.2240775185155774,2.0507827198132054,0.6532666667105372,0.0,30.0047916897574,4.827843664207179,31.892993395401295,0.3035001182996287,0.4977593054684728,5.275532665637241e-06,0.014558414379304557,0.0,0.0,0.0,0.07957724163461438,0.035900723856800223,0.1154779654914146,0.0,559.5414188445225,109.86737484622272,4734.991370779164,33519.35566914698,1163.5423500028703,0.0
37,208.0,0.1886580319619462,2.9475653828566568e-09,0.1005808345934,2621.73737755428,2651.1683918387234,1.1420582332389655,0.030054588292935332,0.03961761497444402,0.1684089709358333,0.0023424690440627736,1.3594974389332608e-11,0.7674560784431458,0.025613230265707325,8.700722084906651e-10,0.025435016599011293,0.007731411687985377,0.003012822140586947,0.0,0.0765804495772395,0.00011922359747034373,1.0980541528559827e-11,0.8525338616681231,0.018108842279583915,3.523213957658838e-10,0.041129780716149915,0.006650913088503628,0.004876928709627664,0.0,34.868978311567076,0.5000448835245759,168.98320657015523,5.612829243764365,1.9120684911855582e-07,5.197775990682553,2.0487939677762945,0.6508463663089981,0.0,29.963267830011524,4.5570973694480905,30.173209262736563,0.30396723579436985,0.49755795417844095,5.2817581102173926e-06,0.013815715527572525,0.0,0.0,0.0,0.07955654195922982,0.035844314274854426,0.11540085623408425,0.0,559.5414188426117,109.86737484622272,4735.295125601518,33519.355669132674,1163.5423500013524,0.0
38,198.0,0.18798054132862774,2.937786456563578e-09,0.10056174678943028,2618.8412376363376,2651.0505403381817,1.248148754741172,0.031148735448926716,0.039423678004024014,0.17673970097489744,0.0024659649100278918,1.4262583616117317e-11,0.7575784732493306,0.025320274973440363,8.631549979742165e-10,0.02662827488167347,0.008108853431003163,0.00315845670220953,0.0,0.0807640322106439,0.00012612652842976,1.1576432837363142e-11,0.845701149828367,0.01798978354990548,3.5123978167607727e-10,0.04327116501383835,0.007009920806764883,0.005137821699234212,0.0,34.84106391536388,0.5004754575647178,158.35918488034815,5.268696140290371,1.8009181433535052e-07,5.1704800760202,2.046579489672161,0.6483231822215687,0.0,29.919835943487602,4.286408028702789,28.450152201587912,0.3045204192549464,0.4973309520437165,5.287818832860956e-06,0.01307044383719995,0.0,0.0,0.0,0.07953422295427724,0.035779890749234905,0.11531411370351215,0.0,559.5414188422267,109.8673748462227,4735.646520356926,33519.355669130084,1163.5423500014906,0.0
39,188.0,0.18723462138638958,2.9275786548693996e-09,0.10053956302561123,2615.5686461102932,2650.9348477565864,1.3685974253723323,0.032293916777951515,0.03920950826200786,0.18593592218531907,0.002602531274552264,1.4998898342495206e-11,0.7466811348951992,0.024994248117236214,8.550618309645479e-10,0.027940579200600925,0.00852667022288601,0.0033189132341456475,0.0,0.08543049501777158,0.00013383855841650534,1.224057045231759e-11,0.8380891488509454,0.01785514331142361,3.4984701495326334e-10,0.045651673717261664,0.007411376412168003,0.005428323769925829,0.0,34.80936754999096,0.5008911240039934,147.79718318716894,4.925857885413214,1.6894666619760203e-07,5.14198392278436,2.0440930697094233,0.6456758554957235,0.0,29.874118692943696,4.0157981637942735,26.723896077255983,0.30517156289668557,0.4970730997472081,5.293676242902787e-06,0.012322246472839513,0.0,0.0,0.0,0.07950992913039977,0.03570588583988575,0.11521581497028553,0.0,559.5414188425715,109.86737484622272,4736.054937904828,33519.35566913277,1163.5423500019112,0.0
40,178.0,0.18640588221320264,2.91685003032982e-09,0.10051363258796307,2611.8383829171544,2650.821773616311,1.5065007156760875,0.03350088246401197,0.03897177812217381,0.1961389075590325,0.002754350594585585,1.581498512642426e-11,0.7345985375923716,0.02462977113176151,8.455970142246787e-10,0.029390349481980722,0.008991545020544132,0.0034965377583118956,0.0,0.09066810673849211,0.0001425101138960447,1.2985308098515803e-11,0.8295570768883404,0.01770210099767632,3.480849669771942e-10,0.048313358072631166,0.007863119971049172,0.005753726856844641,0.0,34.77307171934404,0.5012882156344051,137.29818175233171,4.5843497402024544,1.577724048995135e-07,5.11202486751072,2.0412751100983195,0.642877130361381,0.0,29.82563393149295,3.745297385075306,24.994549249669703,0.30593528756971283,0.496777706368383,5.299279821482463e-06,0.011570728957427803,0.0,0.0,0.0,0.07948319515903335,0.035620299478773806,0.11510349463780715,0.0,559.541418839073,109.86737484622272,4736.532372383263,33519.3556691099,1163.5423500038667,0.0
41,168.0,0.18547563251440025,2.9054815258994794e-09,0.10048311074866312,2607.5443307807864,2650.711917204691,1.665903894580308,0.03478359761695524,0.038706395401265345,0.20752207055284794,0.002924117708910767,1.672438507205884e-11,0.7211277944644935,0.0242202493231517,8.34520088985362e-10,0.03099989022971932,0.009511690798096996,0.0036941860715353067,0.0,0.09658786793324321,0.00015233118163348575,1.3826145459835338e-11,0.81992842116855,0.017527119188790012,3.4588052927062303e-10,0.0513085950554251,0.008375018890972488,0.006120646221678767,0.0,34.7311078372946,0.5016618397268743,126.86351025900139,4.244217890428012,1.465703443192437e-07,5.080262556571594,2.0380474617708786,0.6398914995838348,0.0,29.773756035417044,3.474945062678766,23.262269289365246,0.3068298218997635,0.4964360182091275,5.304562212360468e-06,0.010815449044693712,0.0,0.0,0.0,0.07945340071690114,0.0355205401355339,0.11497394085243505,0.0,559.5414188408618,109.86737484622272,4737.094397197352,33519.35566912233,1163.542350003939,0.0
42,158.0,0.18441915980065637,2.8933162970915905e-09,0.10044688141330371,2602.5452470313603,2650.6060750392903,1.8521906756850077,0.036160547189869996,0.038408273875084845,0.22030048109772643,0.0031151985339158564,1.7743829741389567e-11,0.7060177256504898,0.023757514918529444,8.215324689393156e-10,0.032796412476210714,0.010097302447925524,0.003915364035925954,0.0,0.10333124742907968,0.00016354513468158445,1.478278510967117e-11,0.8089790027552128,0.017325703591464292,3.4314050862640746e-10,0.05470339063991135,0.008959656822138192,0.006537453269588694,0.0,34.682052828170264,0.5020053297113867,116.49499009835586,3.9055238931786236,1.3534224030829164e-07,5.046248231705707,2.034305683727218,0.6366718610091425,0.0,29.717658941669782,3.204794297917564,21.527285222510496,0.3078782612351192,0.49603636577203736,5.309431707726719e-06,0.01005591013829774,0.0,0.0,0.0,0.07941970147716629,0.035403191239911924,0.11482289271707823,0.0,559.5414186995212,109.86737484622272,4737.761592320985,33519.3556682614,1163.542350163499,0.0
43,148.0,0.18320312071793055,2.8801436012066392e-09,0.10040343987241726,2596.649100883686,2650.5053289393804,2.0726798213460063,0.03765672920411436,0.03807101798081461,0.23474386771492764,0.0033318509854346656,1.8894210806066122e-11,0.688953996522203,0.023231341193318874,8.062591342831375e-10,0.03481335816227926,0.010761171606476428,0.00416441299020678,0.0,0.11108125628000066,0.00017646873352364993,1.588063847007781e-11,0.7964200202165206,0.017092061743316105,3.3974432121188243e-10,0.058581990525195415,0.009633317353493128,0.007014884792325333,0.0,34.62397075868144,0.5023093828773119,106.19515166692752,3.568351480166183,1.2409048971382502e-07,5.009378342511305,2.0299071353759914,0.6331544242107118,0.0,29.65622995199003,2.9349179734861788,19.78993216657547,0.3091104154995395,0.49556285507949044,5.313760441118629e-06,0.009291554917297305,0.0,0.0,0.0,0.0793809205774739,0.0352636585709437,0.1146445791484176,0.0,559.5414188482738,109.86737484622272,4738.561714659095,33519.355669167344,1163.5423499954106,0.0
44,138.0,0.18178147036245207,2.865673839465578e-09,0.10035071014885613,2589.588327366179,2650.4111856138657,2.3375676153269844,0.039306796159102,0.037686483600965166,0.25119460266614746,0.0035795379622509133,2.0201907535575847e-11,0.669538694175128,0.02262877343811909,7.882231650493458e-10,0.03709210481566748,0.011519531242590334,0.004446754891671591,0.0,0.12007862419415266,0.00019152172496395743,1.715301447845426e-11,0.7818735086376077,0.016818608326270773,3.3553329780495325e-10,0.06305340688323337,0.010417415593661744,0.007566914287423617,0.0,34.554162082485036,0.5025606441955872,95.9675770444296,3.2328172694651562,1.128184404565251e-07,4.968822561327728,2.024652026004216,0.6292507185082924,0.0,29.587935731738018,2.665418313406139,18.05070641050057,0.3105655853135774,0.4949932915034424,5.317365016466002e-06,0.008521760843789502,0.0,0.0,0.0,0.07933537147388821,0.03509562333016048,0.11443099480404868,0.0,559.5414188453909,109.86737484622267,4739.533064635988,33519.35566915082,1163.5423499994235,0.0
45,128.0,0.18008887622372072,2.849498498948081e-09,0.10028574992911744,2580.9792996738993,2650.3258056704426,2.6614711358609604,0.04116018755179316,0.03724415769767903,0.27009286648705466,0.003865379409574753,2.170061923586767e-11,0.6472620059127442,0.021933199139776198,7.668099428229467e-10,0.039684110421553453,0.01239322431143342,0.0047692135293527175,0.0,0.13064595675015445,0.00020927177638795804,1.8644367807731506e-11,0.7648361249150247,0.016495234130729994,3.302947164919702e-10,0.06826077082642006,0.011340624051684924,0.00821201720065882,0.0,34.468752872562604,0.5027393082919215,85.8174591288868,2.8990882951252623,1.0153090922469702e-07,4.92340811565662,2.0182522042166693,0.6248346010868217,0.0,29.510606354680128,2.3964424323060265,16.310356942288912,0.3122968911179711,0.4942957706273684,5.319973741335071e-06,0.0077458413931766,0.0,0.0,0.0,0.07928055803821688,0.03489016387754963,0.11417072191576652,0.0,559.5414188446628,109.86737484622272,4740.7299508622,33519.355669147655,1163.5423500000502,0.0
46,118.0,0.17802965895794287,2.831023555209114e-09,0.1002042560177996,2570.2531412076596,2650.252396209172,3.0660624118093667,0.04328987197878634,0.036730272077683764,0.29201213199871473,0.004198818333708308,2.3433905724037322e-11,0.6214627914123684,0.021123048808884517,7.412162047021088e-10,0.04265346424543752,0.013409320975989122,0.005140423460247333,0.0,0.14322464887348438,0.00023050461674182441,2.0415227551170695e-11,0.7446246698313962,0.016108203832261036,3.2373735045535305e-10,0.07439484785050293,0.012442092944414337,0.008975031707046633,0.0,34.36199212460666,0.5028148340261028,75.75255305820781,2.56741184037051,9.023506269127506e-08,4.871427137149607,2.0102774336151574,0.6197202941270732,0.0,29.421074440304107,2.128208808170695,14.570042607473411,0.3143782389826277,0.49342282930976517,5.321168146023389e-06,0.006963062052883248,0.0,0.0,0.0,0.07921264165593268,0.03463429399057835,0.11384693564651105,0.0,559.5414188444877,109.86737484622273,4742.231835258166,33519.355669146906,1163.5423499988376,0.0
47,108.0,0.17545835284288103,2.809353853231388e-09,0.10009969707044075,2556.53176098557,2650.1959176473115,3.5847869777074366,0.045807977290751575,0.036126529655134756,0.31770918469045917,0.0045926219297328435,2.5458687603064876e-11,0.5912740950131206,0.020169990746290604,7.103773093280675e-10,0.04607947382598656,0.014603322703885509,0.005571310354688833,0.0,0.15843259719126723,0.0002563369066310823,2.2549839706432037e-11,0.7202927469890925,0.015638464673906886,3.154531612552978e-10,0.08171352807682866,0.013776415654185565,0.009889910170085007,0.0,34.22499040192518,0.5027378714561648,65.78487334114376,2.238168749435612,7.894200854664705e-08,4.810301610599723,2.0000582905854203,0.6136235077244273,0.0,29.31454468425375,1.8610544595655707,12.831615596262973,0.31691600383791607,0.4923009080403151,5.3202729761342834e-06,0.006172692375834232,0.0,0.0,0.0,0.07912544242161024,0.03430842299809708,0.11343386541970732,0.0,559.5414188413666,109.86737484622272,4744.159391951467,33519.355669096774,1163.5423500161708,0.0
48,98.0,0.17214373045182896,2.783082558360255e-09,0.0999617134443805,2538.392875946007,2650.1644327404697,4.271805430768452,0.04889536447176172,0.035408289306030565,0.3481931681822664,0.005064412583104809,2.7849925556447036e-11,0.555550503777239,0.01903650067297107,6.728646061946727e-10,0.050057888246427436,0.016022002060247675,0.006075523777028951,0.0,0.17715618409789335,0.0002884036967816261,2.5168236459925738e-11,0.6905021500663201,0.015059024255350637,3.0485602824758837e-10,0.09056914648783368,0.0154213586783492,0.011003732387447134,0.0,34.04332260637083,0.5024240092351822,55.93389372799713,1.9119741445351324,6.766983263991897e-08,4.735972013959136,1.9865001860862894,0.6060889098554221,0.0,29.18343624813546,1.5955238486656023,11.09816101395144,0.3200694759909522,0.4908102276863377,5.316135118060078e-06,0.005374146342768914,0.0,0.0,0.0,0.0790084429312918,0.03388172679618398,0.11289016972747577,0.0,559.5414188441,109.86737484622272,4746.70416500629,33519.35566910182,1163.5423500789002,0.0
49,88.0,0.16769822037299598,2.7498869950332194e-09,0.0997729905211755,2513.394615491236,2650.171862688273,5.220076717293354,0.052861389854198935,0.03454210113890033,0.384813611297546,0.005639026352589923,3.0706299578380393e-11,0.5127824001813955,0.017672927899894424,6.267485376121039e-10,0.054696259548248256,0.017726412682355266,0.006669361380515725,0.0,0.20069783616982245,0.00032917895444863814,2.8445424758546094e-11,0.6533272816854933,0.014330931282328829,2.910828549256652e-10,0.10144288033772521,0.01748972192017214,0.012382169330481262,0.0,33.792160245901286,0.5017183919517135,46.23297789105221,1.5898803832494588,5.644980332766436e-08,4.641721370470181,1.9677024641075442,0.5963465381239124,0.0,29.015135640566882,1.3325474596710702,9.37509080907194,0.32408820692242357,0.4887436594361273,5.30664337774592e-06,0.00456734573922777,0.0,0.0,0.0,0.07884248546715034,0.03330325808209371,0.11214574354924405,0.0,559.5414188450687,109.86737484622272,4750.186597173977,33519.35566913805,1163.5423501679327,0.0
50,78.0,0.16143052637102429,2.7057110839210805e-09,0.09950276810861344,2477.04114712668,2650.244073436398,6.60068327977281,0.058273967617411375,0.033482935166458325,0.4293419893556462,0.006352059137099468,3.415497644040726e-11,0.4610389644303086,0.016015317296937465,5.694516708672054e-10,0.06008961114414905,0.019792454685945815,0.007369603346306505,0.0,0.2310047227205837,0.000382531936951517,3.2641052962887776e-11,0.605983143479648,0.013397590049641936,2.7283833942487213e-10,0.1149710684346711,0.020145912229728433,0.014115030843295897,0.0,33.4256217366649,0.5003112551412744,36.743251305288595,1.2738165281681069,4.534005868737563e-08,4.515792243334869,1.9401173213474934,0.5830090910633026,0.0,28.787376227536306,1.0738268696295767,7.672523680080433,0.32938230601069574,0.4857158774991556,5.287585506633909e-06,0.003753674839012637,0.0,0.0,0.0,0.07858964592996127,0.03248397242477093,0.1110736183547322,0.0,559.541418888314,109.8673748462227,4755.17672598338,33519.35566958199,1163.5423498377286,0.0
51,68.0,0.1520210345656725,2.643054975462447e-09,0.09909267829035256,2420.3665060462854,2650.433448118479,8.754614895479614,0.06626454724486869,0.03217367508546159,0.48391250068565567,0.007254506735768458,3.834748635521949e-11,0.39812632226042494,0.013989808961108439,4.977495961783537e-10,0.06623481659731573,0.02229802315592324,0.008184021067706404,0.0,0.27096124928829235,0.0004546570245129848,3.813905446374943e-11,0.5445862287407008,0.012179396570042834,2.48188864824445e-10,0.131885898401595,0.023619814938630863,0.016312754749897167,0.0,32.851664341118756,0.4975145286850519,27.585634570783743,0.9676089737442574,3.4458287270037385e-08,4.336400701068097,1.8965494232945794,0.5633997899196048,0.0,28.45831014327737,0.8227237810478542,6.010831503933834,0.33665108928265536,0.4809458679477599,5.249638511330686e-06,0.0029385849982167095,0.0,0.0,0.0,0.07816703182425855,0.031259257225676386,0.10942628904993493,0.0,559.5414188436254,109.86737484622272,4762.758349314428,33519.3556691374,1163.5423500069353,0.0
52,58.0,0.13681142895915066,2.5475977610867624e-09,0.09842630274788267,2324.128213252929,2650.855655905858,12.413010230798822,0.07927217208290774,0.030558740366230176,0.5502739935195727,0.008414948834143952,4.342256858404501e-11,0.3226605781054631,0.011545940778606066,4.0861668088865784e-10,0.07277089855278014,0.02525524510533131,0.009078394652063317,0.0,0.3244027715529897,0.0005552553091461435,4.5468827280021466e-11,0.4646831165797871,0.01058299366816244,2.1451254287956012e-10,0.1525579992772691,0.028166114423896497,0.01905174892876785,0.0,31.870591664734434,0.49161620050674,19.01662304290117,0.6794194499807175,2.4063582318464435e-08,4.061970559236322,1.8212404452373858,0.5320863128748519,0.0,27.945802277397245,0.5863634878357855,4.433923237479884,0.3470514396220336,0.4727085943947414,5.169737553606839e-06,0.002138823341283736,0.0,0.0,0.0,0.07737381193329544,0.029316077860214607,0.10668988979351006,0.0,559.5414188721829,109.86737484622272,4775.100271940526,33519.355669384524,1163.5423498132834,0.0
53,48.0,0.11064359461260942,2.3944032416802e-09,0.09728211122986115,2147.3178518265368,2651.773089845114,19.131246971261646,0.10261874496353311,0.02865199657876711,0.6267021821229107,0.009900240949920824,4.941312353289922e-11,0.23797026405724167,0.00878167113310769,3.031936852837998e-10,0.07839127911870782,0.02836704911855002,0.00988731314695454,0.0,0.39404637148121024,0.0006967348958227239,5.518500789143164e-11,0.3655226017927239,0.008584933546576736,1.6976075935210287e-10,0.17527725208953554,0.03374194165860845,0.022130164310576593,0.0,30.04612946197512,0.478069874446161,11.57519115323441,0.4265790598200039,1.4737336652169209e-08,3.62114769801135,1.6798693731740446,0.47870521234309926,0.0,27.09851695084235,0.3797182630689647,3.0356726759986095,0.36186485840591825,0.45709420072298207,4.9873144863018435e-06,0.0013997421865444757,0.0,0.0,0.0,0.07570138257043989,0.02612102456778472,0.10182240713822462,0.0,559.5414188395371,109.86737484622276,4796.356048886078,33519.35566909689,1163.542350214669,0.0
54,38.0,0.06648274517248787,2.1590898211941687e-09,0.09537360416086696,1827.2284864506962,2653.668317346655,31.276574486917703,0.14541883101288855,0.026690150330397566,0.7020957134727595,0.011697443560192878,5.639590318913354e-11,0.15851156917585882,0.0061586047152092675,1.9545097518679233e-10,0.08071168760514673,0.03059020564660409,0.010234775572381987,0.0,0.4738995737542228,0.0008837239544473402,6.76130034724149e-11,0.26137038635184967,0.006463175808231334,1.1747862903053986e-10,0.19373054660204228,0.0390608938095744,0.024591699534540615,0.0,26.654489931735274,0.44661829614243054,6.08712017058651,0.23623624317902175,7.501006743387864e-09,2.953197180426508,1.4193628470783985,0.39157389596952785,0.0,25.738227489158255,0.22576917382363265,1.9639233657375668,0.37900589808325913,0.42693893741733324,4.56968460947302e-06,0.0008085050465123331,0.0,0.0,0.0,0.07210076789846823,0.02123185543470188,0.0933326233331701,0.0,559.5414188453158,109.8673748462227,4831.992392435832,33519.35566915393,1163.5423499946346,0.0
55,28.0,0.0011174630081587367,1.8541279273988075e-09,0.09261202004805359,1350.2580461453254,2656.9913160783353,49.32812574210688,0.21482182894670027,0.02506493227814414,0.7610344416336214,0.013702908200649582,6.58592647840953e-11,0.10144785745299689,0.004252384648442925,1.0824800388142211e-10,0.0791075198933635,0.03058413449273831,0.009870753504080197,0.0,0.5469892518970925,0.0011023586175767494,8.407832179985234e-11,0.17812413905744817,0.004752046321912916,6.92827964981956e-11,0.20219198187754694,0.04158535941705931,0.02525486265800246,0.0,21.29406571732311,0.38502615431272497,2.8626581792587946,0.11988632640774455,3.0529214523818677e-09,2.1359251235519334,1.030556359799586,0.2777556610485551,0.0,23.85669826226646,0.13330258382949256,1.2824047270063332,0.38661475589129274,0.37566743462949087,3.776458134017324e-06,0.0004244984811224509,0.0,0.0,0.0,0.06552846442780684,0.015254267115846909,0.08078273154365374,0.0,559.5414188414418,109.86737484622272,4883.964064611787,33519.355669118624,1163.5423499917338,0.0
56,18.0,-0.08897609457606315,1.504112794207099e-09,0.08893235657412478,805.5287760368009,2661.9296422477546,69.86698843932042,0.31264591076686626,0.023892245620482318,0.8011527114226094,0.016039956381245436,8.327573354598016e-11,0.06652001390507105,0.0030950910493222545,4.941671688776813e-11,0.07617948530356874,0.027996446298346227,0.009016295507144499,0.0,0.6040868090969403,0.0013537014712177728,1.1153089520838924e-10,0.12252981986111552,0.0036285333399678652,3.318096144099562e-11,0.2042649062006524,0.039935280336412374,0.024200949548981922,0.0,14.414224003214036,0.2893693664214726,1.2033520253735086,0.05595288670765326,8.935580344172509e-10,1.3265513470124057,0.5929681959000671,0.1628011921734688,0.0,21.49210244384805,0.08303037979731885,0.8732011464765674,0.36750637244112083,0.30077453802443577,2.6168142204983154e-06,0.00020251180908167834,0.0,0.0,0.0,0.05570022721344541,0.009374710622980518,0.06507493783642593,0.0,559.5414188443182,109.8673748462227,4953.97093734626,33519.355669143806,1163.5423500003583,0.0
57,8.0,-0.23721448866457173,1.067274858446881e-09,0.08318707987020876,303.93487374700067,2669.137506791808,88.68280261092968,0.45135957016708234,0.023057778863836864,0.828198626651314,0.0197140448593583,1.3322103162640562e-10,0.044245397614658205,0.002443383924116781,1.3786299583024664e-11,0.07514785126408878,0.02236651085201192,0.007884184687444814,0.0,0.6470801130866655,0.0017239908617891634,1.848796092624886e-10,0.08444949697111802,0.002968170891787058,9.591848042551248e-12,0.20879100897974473,0.03305914142327204,0.021928077591151847,0.0,6.624247848395571,0.15787011418537117,0.35475039083544885,0.019581896466222153,1.1049733896525665e-10,0.5862650139550553,0.2014896811348734,0.06315469757266284,0.0,18.10824618184052,0.05342365489490999,0.5887779473450087,0.29763340502458646,0.19312808048450655,1.2026271390695169e-06,7.135577625054049e-05,0.0,0.0,0.0,0.041184430931145925,0.00406258634311861,0.04524701727426454,0.0,559.5414188461976,109.86737484622272,5065.043319980364,33519.355669158926,1163.5423500029844,0.0
58,7.0,-0.2602746052837599,1.0119046441445328e-09,0.0823267892604659,259.7277808803382,2670.0758992039205,90.3347177966711,0.46941524656923617,0.022989829720182764,0.8302905969268013,0.020300414749871213,1.4438287150458501e-10,0.04236892371431939,0.0024028647873968047,1.130122316156598e-11,0.07538100663861971,0.021509936032967535,0.007746256994340021,0.0,0.6506319432140865,0.0017805158541781016,2.0096184638744627e-10,0.08110695776786798,0.0029275764022896034,7.886090274529488e-12,0.21005782956520377,0.0318870369058747,0.02160814008165157,0.0,5.81100407976917,0.14222727033284263,0.2971596277744061,0.01684573707524827,7.923577974604243e-11,0.5153341897500905,0.16829353390359486,0.054283644397220436,0.0,17.632670775545666,0.05102902992174275,0.5620636497657575,0.28534954615407615,0.17923884103820492,1.049369680515607e-06,6.133781302391345e-05,0.0,0.0,0.0,0.03921327209817323,0.0035594673067479874,0.04277273940492121,0.0,559.5414187963686,109.8673748462227,5081.863822078875,33519.35566873963,1163.5423499275414,0.0
59,6.0,-0.28655008495356604,9.523301549205544e-10,0.08135725109545959,216.96513551644486,2671.081287692404,91.93129214084233,0.48883095947370275,0.022925196253907324,0.8322385040486062,0.020977988819105793,1.5856160849002533e-10,0.040514450498851225,0.002368415007543962,9.006407036203535e-12,0.07574969902062088,0.02055325421382596,0.007597688223877906,0.0,0.6539970044819746,0.0018451321500741957,2.2131898639192051e-10,0.07777559195050723,0.002893739293136928,6.3024666518904696e-12,0.2116803500554613,0.03055472165702877,0.02125346018419563,0.0,4.99267194397124,0.1259623492188961,0.24349219508959669,0.014228570946265597,5.411085317707258e-11,0.44465008134458606,0.1366491010861935,0.045628053454171646,0.0,17.10614498295405,0.048681297851228725,0.5348463561264081,0.2713311667183109,0.16438870163614006,8.97978490061153e-07,5.1743192605354065e-05,0.0,0.0,0.0,0.037058734248589485,0.0030597307451603285,0.04011846499374982,0.0,559.5414187049114,109.8673748462227,5100.88001065489,33519.35566795259,1163.5423497753832,0.0
60,5.0,-0.31719054215243325,8.873000495364662e-10,0.08024090508981419,175.75661227079863,2672.1695883892726,93.46841511827795,0.5099691898946013,0.022864504168019946,0.8340071453352156,0.021782592823317654,1.7731680419699141e-10,0.03866435468081846,0.002341569387629209,6.905348320084965e-12,0.07630538584019189,0.01946545410331994,0.007433497645285249,0.0,0.6571265282992468,0.0019209872143377156,2.4815429682812356e-10,0.07442098480777325,0.0028685333485678113,4.845023080793818e-12,0.21379921215287917,0.029014397188137437,0.020849356736058446,0.0,4.169507121039501,0.10898104205807771,0.19359051944231861,0.011719763264425066,3.4563750488143676e-11,0.3740474294624097,0.10674371476618241,0.03719483182249479,0.0,16.512154149728328,0.04635974031766593,0.5067054475262611,0.2550993470380568,0.14834949693570704,7.457675730297859e-07,4.253965877651169e-05,0.0,0.0,0.0,0.03466366076716017,0.0025624976446180564,0.037226158411778225,0.0,559.5414183746761,109.8673748462227,5122.8543475255765,33519.35566508367,1163.5423492080974,0.0
61,4.0,-0.35409788507785755,8.148667358927686e-10,0.07891636301675836,136.2304890672913,2673.3649461936616,94.94127555391428,0.533394347301762,0.022808936481332046,0.8355306498535633,0.022775053337272342,2.0359337181055594e-10,0.03679325229045426,0.0023251248289573975,5.004880841171619e-12,0.07713533292737497,0.018195964522126767,0.007244622031652618,0.0,0.6599307520547245,0.002013404596345914,2.856224178283631e-10,0.0709920270943813,0.002855327297916004,3.520146630256506e-12,0.21665115976087695,0.027188224399257197,0.020369104507355344,0.0,3.3417834518011205,0.09114576586887814,0.1473366938382304,0.009307598316617859,2.0035615897387675e-11,0.3032907001168611,0.07882140829222478,0.028994476367783975,0.0,15.824205148999514,0.044035790065753685,0.47699609107924795,0.2358966226185705,0.13077497395649837,5.93034659086667e-07,3.369244430939774e-05,0.0,0.0,0.0,0.03193616174945823,0.002066529996443398,0.034002691745901634,0.0,559.5414188478092,109.86737484622272,5149.03678688344,33519.35566917418,1163.5423500066593,0.0
62,3.0,-0.4007789387666243,7.316931052170967e-10,0.07727208984199692,98.54731751330544,2674.7073795107403,96.34384495519524,0.5600736663034597,0.022760914949803025,0.8366734903441888,0.024071165068344592,2.437992657322721e-10,0.03485968411117489,0.0023247175643922265,3.317353392226349e-12,0.07840509981486028,0.016653443669866805,0.00701239918005583,0.0,0.6622276490365034,0.002132475665009683,3.42749136470076e-10,0.0674031457555281,0.0028608503477996717,2.338159160655876e-12,0.22068219333874872,0.02493590510536142,0.019757780405961767,0.0,2.509829314516953,0.07224057521548216,0.10466629411804008,0.006977701280479091,9.95739292839222e-12,0.23201583432229705,0.053223697894677256,0.021044934901493166,0.0,14.995234107197273,0.041664621281157596,0.44460990667048245,0.2124025568386617,0.11109104768732397,4.4021319260095747e-07,2.5159965488854038e-05,0.0,0.0,0.0,0.028712941827027293,0.0015699342138582144,0.030282876040885507,0.0,559.5414188892612,109.86737484622273,5181.706553978243,33519.35566953909,1163.5423500801046,0.0
63,2.0,-0.4649189447496749,6.311206399906406e-10,0.07506825138636497,62.92941794967434,2676.273276705487,97.6677624541495,0.5919396258656042,0.02272623667996241,0.8371046190505542,0.025935487586175213,3.154966320998857e-10,0.03278238079244491,0.0023538855038457533,1.86562594949691e-12,0.08049024978499858,0.014643464885975073,0.006689912078643977,0.0,0.6635799104735017,0.0023011428555117113,4.4422285015358384e-10,0.06348328620361313,0.0029011652602123207,1.316949423535339e-12,0.22689683896158036,0.021959736519119786,0.018877919280921075,0.0,1.6741241802684412,0.05188394218106279,0.0656012297302611,0.004708968613009301,3.732251488997375e-12,0.1595851153542449,0.03048232945390017,0.01338228450612715,0.0,13.92692241780044,0.03916162931895747,0.40728387450668274,0.18192843139498194,0.08820150962815557,2.880363453323139e-07,1.6882541449144182e-05,0.0,0.0,0.0,0.02465342807188611,0.001069424706647174,0.025722852778533284,0.0,559.5414188464501,109.86737484622273,5225.7872302441765,33519.35566916262,1163.5423500044476,0.0
64,1.0,-0.5700154742607744,4.953809260851501e-10,0.0715916650169957,29.743354719066513,2678.2535674825226,98.8992152916545,0.6341795983554503,0.022724073410981323,0.8356777510150685,0.029228422181061784,4.953809260851502e-10,0.030340574944384278,0.0024589231768143652,6.982806072882316e-13,0.08459292429935739,0.011598173316936102,0.006103230570298602,0.0,0.6625118834122181,0.0025935574762494954,6.975683844584519e-10,0.05876030713620271,0.003030912760632283,4.929647268701417e-13,0.2384847155576559,0.01739459056855034,0.017224032390429907,0.0,0.8356565089261551,0.029232075326420862,0.030349014553268706,0.0024589231768143652,6.982806072882316e-13,0.08459292429935739,0.011598173316936102,0.006103230570298602,0.0,12.338968224168648,0.036306548675647574,0.3586656354024962,0.13710571437266425,0.059365379047203244,1.3811831169265098e-07,8.740705271207784e-06,0.0,0.0,0.0,0.01879224333347798,0.0005578286686316887,0.019350072002109673,0.0,559.5414188460793,109.86737484622272,5296.016182913131,33519.3556691593,1163.542350003654,0.0
